Lon,Lat,Name,Mode,Id
10.75566,59.91109,Oslo S - Jernbanetorget,foot,1-1-0
10.75561,59.91106,Oslo S - Jernbanetorget,foot,1-1-0
10.7555,59.91109,Oslo S - Jernbanetorget,foot,1-1-0
10.75548,59.91109,Oslo S - Jernbanetorget,foot,1-1-0
10.75544,59.9111,Oslo S - Jernbanetorget,foot,1-1-0
10.75544,59.91111,Oslo S - Jernbanetorget,foot,1-1-0
10.75536,59.91113,Oslo S - Jernbanetorget,foot,1-1-0
10.7536,59.91155,Oslo S - Jernbanetorget,foot,1-1-0
10.75341,59.9116,Oslo S - Jernbanetorget,foot,1-1-0
10.75362,59.91182,Oslo S - Jernbanetorget,foot,1-1-0
10.75367,59.91187,Oslo S - Jernbanetorget,foot,1-1-0
10.75368,59.91189,Oslo S - Jernbanetorget,foot,1-1-0
10.75368,59.91191,Oslo S - Jernbanetorget,foot,1-1-0
10.75368,59.91192,Oslo S - Jernbanetorget,foot,1-1-0
10.75366,59.91195,Oslo S - Jernbanetorget,foot,1-1-0
10.75361,59.91199,Oslo S - Jernbanetorget,foot,1-1-0
10.75338,59.91217,Oslo S - Jernbanetorget,foot,1-1-0
10.75331,59.91223,Oslo S - Jernbanetorget,foot,1-1-0
10.75319,59.9122,Oslo S - Jernbanetorget,foot,1-1-0
10.75291,59.91221,Oslo S - Jernbanetorget,foot,1-1-0
10.75277,59.91222,Oslo S - Jernbanetorget,foot,1-1-0
10.75271,59.91222,Oslo S - Jernbanetorget,foot,1-1-0
10.75271,59.91222,Oslo S - Jernbanetorget,foot,1-1-0
10.75268,59.91222,Oslo S - Jernbanetorget,foot,1-1-0
10.75132,59.91226,Oslo S - Jernbanetorget,foot,1-1-0
10.75132,59.91224,Vestli - Bergkrystallen,metro,1-2-RUT:Line:4
10.75064,59.91228,Vestli - Bergkrystallen,metro,1-2-RUT:Line:4
10.75058,59.91228,Vestli - Bergkrystallen,metro,1-2-RUT:Line:4
10.75022,59.9123,Vestli - Bergkrystallen,metro,1-2-RUT:Line:4
10.74953,59.91233,Vestli - Bergkrystallen,metro,1-2-RUT:Line:4
10.74935,59.91234,Vestli - Bergkrystallen,metro,1-2-RUT:Line:4
10.74917,59.91236,Vestli - Bergkrystallen,metro,1-2-RUT:Line:4
10.74896,59.91238,Vestli - Bergkrystallen,metro,1-2-RUT:Line:4
10.74866,59.91242,Vestli - Bergkrystallen,metro,1-2-RUT:Line:4
10.74838,59.91247,Vestli - Bergkrystallen,metro,1-2-RUT:Line:4
10.74806,59.91255,Vestli - Bergkrystallen,metro,1-2-RUT:Line:4
10.74767,59.91266,Vestli - Bergkrystallen,metro,1-2-RUT:Line:4
10.74736,59.91275,Vestli - Bergkrystallen,metro,1-2-RUT:Line:4
10.74685,59.91289,Vestli - Bergkrystallen,metro,1-2-RUT:Line:4
10.7464,59.91301,Vestli - Bergkrystallen,metro,1-2-RUT:Line:4
10.74606,59.9131,Vestli - Bergkrystallen,metro,1-2-RUT:Line:4
10.74573,59.91318,Vestli - Bergkrystallen,metro,1-2-RUT:Line:4
10.7454,59.91324,Vestli - Bergkrystallen,metro,1-2-RUT:Line:4
10.74502,59.9133,Vestli - Bergkrystallen,metro,1-2-RUT:Line:4
10.74479,59.91333,Vestli - Bergkrystallen,metro,1-2-RUT:Line:4
10.74453,59.91335,Vestli - Bergkrystallen,metro,1-2-RUT:Line:4
10.74424,59.91338,Vestli - Bergkrystallen,metro,1-2-RUT:Line:4
10.74321,59.91345,Vestli - Bergkrystallen,metro,1-2-RUT:Line:4
10.7432,59.91345,Vestli - Bergkrystallen,metro,1-2-RUT:Line:4
10.7429,59.91348,Vestli - Bergkrystallen,metro,1-2-RUT:Line:4
10.74208,59.91354,Vestli - Bergkrystallen,metro,1-2-RUT:Line:4
10.74107,59.91362,Vestli - Bergkrystallen,metro,1-2-RUT:Line:4
10.74059,59.91365,Vestli - Bergkrystallen,metro,1-2-RUT:Line:4
10.73906,59.91377,Vestli - Bergkrystallen,metro,1-2-RUT:Line:4
10.73868,59.9138,Vestli - Bergkrystallen,metro,1-2-RUT:Line:4
10.73835,59.91383,Vestli - Bergkrystallen,metro,1-2-RUT:Line:4
10.73791,59.91388,Vestli - Bergkrystallen,metro,1-2-RUT:Line:4
10.73764,59.91393,Vestli - Bergkrystallen,metro,1-2-RUT:Line:4
10.73738,59.91397,Vestli - Bergkrystallen,metro,1-2-RUT:Line:4
10.73712,59.91403,Vestli - Bergkrystallen,metro,1-2-RUT:Line:4
10.73688,59.91408,Vestli - Bergkrystallen,metro,1-2-RUT:Line:4
10.7366,59.91415,Vestli - Bergkrystallen,metro,1-2-RUT:Line:4
10.73512,59.91455,Vestli - Bergkrystallen,metro,1-2-RUT:Line:4
10.73487,59.91461,Vestli - Bergkrystallen,metro,1-2-RUT:Line:4
10.73464,59.91465,Vestli - Bergkrystallen,metro,1-2-RUT:Line:4
10.73451,59.91468,Vestli - Bergkrystallen,metro,1-2-RUT:Line:4
10.73418,59.91473,Vestli - Bergkrystallen,metro,1-2-RUT:Line:4
10.73405,59.91475,Vestli - Bergkrystallen,metro,1-2-RUT:Line:4
10.73385,59.91479,Vestli - Bergkrystallen,metro,1-2-RUT:Line:4
10.73358,59.91485,Vestli - Bergkrystallen,metro,1-2-RUT:Line:4
10.73339,59.9149,Vestli - Bergkrystallen,metro,1-2-RUT:Line:4
10.73318,59.91496,Vestli - Bergkrystallen,metro,1-2-RUT:Line:4
10.73301,59.91502,Vestli - Bergkrystallen,metro,1-2-RUT:Line:4
10.73286,59.91508,Vestli - Bergkrystallen,metro,1-2-RUT:Line:4
10.73266,59.91516,Vestli - Bergkrystallen,metro,1-2-RUT:Line:4
10.73244,59.91528,Vestli - Bergkrystallen,metro,1-2-RUT:Line:4
10.73234,59.91534,Vestli - Bergkrystallen,metro,1-2-RUT:Line:4
10.73233,59.91535,Vestli - Bergkrystallen,metro,1-2-RUT:Line:4
10.73223,59.9154,Vestli - Bergkrystallen,metro,1-2-RUT:Line:4
10.73194,59.9156,Vestli - Bergkrystallen,metro,1-2-RUT:Line:4
10.73178,59.91571,Vestli - Bergkrystallen,metro,1-2-RUT:Line:4
10.73162,59.91583,Vestli - Bergkrystallen,metro,1-2-RUT:Line:4
10.7314,59.91601,Vestli - Bergkrystallen,metro,1-2-RUT:Line:4
10.73099,59.91639,Vestli - Bergkrystallen,metro,1-2-RUT:Line:4
10.73075,59.91666,Vestli - Bergkrystallen,metro,1-2-RUT:Line:4
10.73058,59.91686,Vestli - Bergkrystallen,metro,1-2-RUT:Line:4
10.73028,59.91732,Vestli - Bergkrystallen,metro,1-2-RUT:Line:4
10.72992,59.91786,Vestli - Bergkrystallen,metro,1-2-RUT:Line:4
10.72694,59.92235,Vestli - Bergkrystallen,metro,1-2-RUT:Line:4
10.72669,59.92274,Vestli - Bergkrystallen,metro,1-2-RUT:Line:4
10.72647,59.92303,Vestli - Bergkrystallen,metro,1-2-RUT:Line:4
10.72626,59.92326,Vestli - Bergkrystallen,metro,1-2-RUT:Line:4
10.72601,59.92348,Vestli - Bergkrystallen,metro,1-2-RUT:Line:4
10.72573,59.92371,Vestli - Bergkrystallen,metro,1-2-RUT:Line:4
10.72534,59.92395,Vestli - Bergkrystallen,metro,1-2-RUT:Line:4
10.72481,59.92429,Vestli - Bergkrystallen,metro,1-2-RUT:Line:4
10.7247,59.92435,Vestli - Bergkrystallen,metro,1-2-RUT:Line:4
10.7204,59.927,Vestli - Bergkrystallen,metro,1-2-RUT:Line:4
10.71976,59.9274,Vestli - Bergkrystallen,metro,1-2-RUT:Line:4
10.71951,59.92755,Vestli - Bergkrystallen,metro,1-2-RUT:Line:4
10.71937,59.92763,Vestli - Bergkrystallen,metro,1-2-RUT:Line:4
10.71896,59.92783,Vestli - Bergkrystallen,metro,1-2-RUT:Line:4
10.71859,59.92801,Vestli - Bergkrystallen,metro,1-2-RUT:Line:4
10.71818,59.92821,Vestli - Bergkrystallen,metro,1-2-RUT:Line:4
10.71789,59.92836,Vestli - Bergkrystallen,metro,1-2-RUT:Line:4
10.71754,59.92853,Vestli - Bergkrystallen,metro,1-2-RUT:Line:4
10.71724,59.92868,Vestli - Bergkrystallen,metro,1-2-RUT:Line:4
10.71695,59.92884,Vestli - Bergkrystallen,metro,1-2-RUT:Line:4
10.71645,59.92914,Vestli - Bergkrystallen,metro,1-2-RUT:Line:4
10.71599,59.92941,Vestli - Bergkrystallen,metro,1-2-RUT:Line:4
10.71563,59.92962,Vestli - Bergkrystallen,metro,1-2-RUT:Line:4
10.71543,59.92975,Vestli - Bergkrystallen,metro,1-2-RUT:Line:4
10.71519,59.92991,Vestli - Bergkrystallen,metro,1-2-RUT:Line:4
10.71483,59.93013,Vestli - Bergkrystallen,metro,1-2-RUT:Line:4
10.71461,59.93026,Vestli - Bergkrystallen,metro,1-2-RUT:Line:4
10.71455,59.93029,Vestli - Bergkrystallen,metro,1-2-RUT:Line:4
10.71453,59.93031,Vestli - Bergkrystallen,metro,1-2-RUT:Line:4
10.71432,59.93045,Vestli - Bergkrystallen,metro,1-2-RUT:Line:4
10.71417,59.93057,Vestli - Bergkrystallen,metro,1-2-RUT:Line:4
10.71394,59.93074,Vestli - Bergkrystallen,metro,1-2-RUT:Line:4
10.71381,59.93083,Vestli - Bergkrystallen,metro,1-2-RUT:Line:4
10.71346,59.93105,Vestli - Bergkrystallen,metro,1-2-RUT:Line:4
10.71311,59.93127,Vestli - Bergkrystallen,metro,1-2-RUT:Line:4
10.71304,59.93131,Vestli - Bergkrystallen,metro,1-2-RUT:Line:4
10.7125,59.93165,Vestli - Bergkrystallen,metro,1-2-RUT:Line:4
10.71233,59.93176,Vestli - Bergkrystallen,metro,1-2-RUT:Line:4
10.71209,59.93191,Vestli - Bergkrystallen,metro,1-2-RUT:Line:4
10.71187,59.93205,Vestli - Bergkrystallen,metro,1-2-RUT:Line:4
10.71171,59.93215,Vestli - Bergkrystallen,metro,1-2-RUT:Line:4
10.71157,59.93223,Vestli - Bergkrystallen,metro,1-2-RUT:Line:4
10.71134,59.93234,Vestli - Bergkrystallen,metro,1-2-RUT:Line:4
10.71121,59.93241,Vestli - Bergkrystallen,metro,1-2-RUT:Line:4
10.71101,59.9325,Vestli - Bergkrystallen,metro,1-2-RUT:Line:4
10.71076,59.93262,Vestli - Bergkrystallen,metro,1-2-RUT:Line:4
10.71061,59.93268,Vestli - Bergkrystallen,metro,1-2-RUT:Line:4
10.71045,59.93275,Vestli - Bergkrystallen,metro,1-2-RUT:Line:4
10.71032,59.93281,Vestli - Bergkrystallen,metro,1-2-RUT:Line:4
10.71018,59.93288,Vestli - Bergkrystallen,metro,1-2-RUT:Line:4
10.71005,59.93295,Vestli - Bergkrystallen,metro,1-2-RUT:Line:4
10.70992,59.93302,Vestli - Bergkrystallen,metro,1-2-RUT:Line:4
10.70982,59.93308,Vestli - Bergkrystallen,metro,1-2-RUT:Line:4
10.70974,59.93313,Vestli - Bergkrystallen,metro,1-2-RUT:Line:4
10.70966,59.93319,Vestli - Bergkrystallen,metro,1-2-RUT:Line:4
10.70957,59.93327,Vestli - Bergkrystallen,metro,1-2-RUT:Line:4
10.7095,59.93333,Vestli - Bergkrystallen,metro,1-2-RUT:Line:4
10.70944,59.93339,Vestli - Bergkrystallen,metro,1-2-RUT:Line:4
10.70939,59.93345,Vestli - Bergkrystallen,metro,1-2-RUT:Line:4
10.70934,59.93351,Vestli - Bergkrystallen,metro,1-2-RUT:Line:4
10.70929,59.93359,Vestli - Bergkrystallen,metro,1-2-RUT:Line:4
10.70925,59.93367,Vestli - Bergkrystallen,metro,1-2-RUT:Line:4
10.70923,59.93374,Vestli - Bergkrystallen,metro,1-2-RUT:Line:4
10.7092,59.93381,Vestli - Bergkrystallen,metro,1-2-RUT:Line:4
10.70919,59.93389,Vestli - Bergkrystallen,metro,1-2-RUT:Line:4
10.70917,59.93397,Vestli - Bergkrystallen,metro,1-2-RUT:Line:4
10.70916,59.93406,Vestli - Bergkrystallen,metro,1-2-RUT:Line:4
10.70915,59.93423,Vestli - Bergkrystallen,metro,1-2-RUT:Line:4
10.70915,59.93437,Vestli - Bergkrystallen,metro,1-2-RUT:Line:4
10.70915,59.9345,Vestli - Bergkrystallen,metro,1-2-RUT:Line:4
10.70916,59.93463,Vestli - Bergkrystallen,metro,1-2-RUT:Line:4
10.70917,59.93479,Vestli - Bergkrystallen,metro,1-2-RUT:Line:4
10.70918,59.93493,Vestli - Bergkrystallen,metro,1-2-RUT:Line:4
10.7092,59.93506,Vestli - Bergkrystallen,metro,1-2-RUT:Line:4
10.70923,59.93518,Vestli - Bergkrystallen,metro,1-2-RUT:Line:4
10.70925,59.93529,Vestli - Bergkrystallen,metro,1-2-RUT:Line:4
10.70928,59.93542,Vestli - Bergkrystallen,metro,1-2-RUT:Line:4
10.70932,59.93555,Vestli - Bergkrystallen,metro,1-2-RUT:Line:4
10.70936,59.93566,Vestli - Bergkrystallen,metro,1-2-RUT:Line:4
10.70941,59.93577,Vestli - Bergkrystallen,metro,1-2-RUT:Line:4
10.70946,59.93587,Vestli - Bergkrystallen,metro,1-2-RUT:Line:4
10.70952,59.93596,Vestli - Bergkrystallen,metro,1-2-RUT:Line:4
10.70958,59.93606,Vestli - Bergkrystallen,metro,1-2-RUT:Line:4
10.70966,59.93617,Vestli - Bergkrystallen,metro,1-2-RUT:Line:4
10.70973,59.93625,Vestli - Bergkrystallen,metro,1-2-RUT:Line:4
10.70981,59.93635,Vestli - Bergkrystallen,metro,1-2-RUT:Line:4
10.70992,59.93646,Vestli - Bergkrystallen,metro,1-2-RUT:Line:4
10.71032,59.93685,Vestli - Bergkrystallen,metro,1-2-RUT:Line:4
10.7104,59.93693,Vestli - Bergkrystallen,metro,1-2-RUT:Line:4
10.71047,59.937,Vestli - Bergkrystallen,metro,1-2-RUT:Line:4
10.71055,59.93705,Vestli - Bergkrystallen,metro,1-2-RUT:Line:4
10.7106,59.9371,Vestli - Bergkrystallen,metro,1-2-RUT:Line:4
10.71067,59.93715,Vestli - Bergkrystallen,metro,1-2-RUT:Line:4
10.71074,59.93719,Vestli - Bergkrystallen,metro,1-2-RUT:Line:4
10.71083,59.93724,Vestli - Bergkrystallen,metro,1-2-RUT:Line:4
10.71091,59.93729,Vestli - Bergkrystallen,metro,1-2-RUT:Line:4
10.71098,59.93733,Vestli - Bergkrystallen,metro,1-2-RUT:Line:4
10.71109,59.93738,Vestli - Bergkrystallen,metro,1-2-RUT:Line:4
10.71119,59.93742,Vestli - Bergkrystallen,metro,1-2-RUT:Line:4
10.71132,59.93747,Vestli - Bergkrystallen,metro,1-2-RUT:Line:4
10.71148,59.93753,Vestli - Bergkrystallen,metro,1-2-RUT:Line:4
10.71163,59.93759,Vestli - Bergkrystallen,metro,1-2-RUT:Line:4
10.71185,59.93766,Vestli - Bergkrystallen,metro,1-2-RUT:Line:4
10.71242,59.93786,Vestli - Bergkrystallen,metro,1-2-RUT:Line:4
10.7126,59.93792,Vestli - Bergkrystallen,metro,1-2-RUT:Line:4
10.71275,59.93798,Vestli - Bergkrystallen,metro,1-2-RUT:Line:4
10.71288,59.93803,Vestli - Bergkrystallen,metro,1-2-RUT:Line:4
10.71301,59.93808,Vestli - Bergkrystallen,metro,1-2-RUT:Line:4
10.71315,59.93814,Vestli - Bergkrystallen,metro,1-2-RUT:Line:4
10.71327,59.93819,Vestli - Bergkrystallen,metro,1-2-RUT:Line:4
10.71338,59.93825,Vestli - Bergkrystallen,metro,1-2-RUT:Line:4
10.71349,59.93831,Vestli - Bergkrystallen,metro,1-2-RUT:Line:4
10.7136,59.93838,Vestli - Bergkrystallen,metro,1-2-RUT:Line:4
10.71372,59.93845,Vestli - Bergkrystallen,metro,1-2-RUT:Line:4
10.71382,59.93852,Vestli - Bergkrystallen,metro,1-2-RUT:Line:4
10.71391,59.93858,Vestli - Bergkrystallen,metro,1-2-RUT:Line:4
10.714,59.93864,Vestli - Bergkrystallen,metro,1-2-RUT:Line:4
10.71414,59.93874,Vestli - Bergkrystallen,metro,1-2-RUT:Line:4
10.71451,59.939,Vestli - Bergkrystallen,metro,1-2-RUT:Line:4
10.71491,59.93928,Vestli - Bergkrystallen,metro,1-2-RUT:Line:4
10.71538,59.93961,Vestli - Bergkrystallen,metro,1-2-RUT:Line:4
10.71608,59.94011,Vestli - Bergkrystallen,metro,1-2-RUT:Line:4
10.71615,59.94016,Vestli - Bergkrystallen,metro,1-2-RUT:Line:4
10.71619,59.94018,Vestli - Bergkrystallen,metro,1-2-RUT:Line:4
10.71678,59.9406,Vestli - Bergkrystallen,metro,1-2-RUT:Line:4
10.71687,59.94067,Vestli - Bergkrystallen,metro,1-2-RUT:Line:4
10.71697,59.94075,Vestli - Bergkrystallen,metro,1-2-RUT:Line:4
10.71705,59.94082,Vestli - Bergkrystallen,metro,1-2-RUT:Line:4
10.71717,59.94092,Vestli - Bergkrystallen,metro,1-2-RUT:Line:4
10.71727,59.94101,Vestli - Bergkrystallen,metro,1-2-RUT:Line:4
10.71736,59.9411,Vestli - Bergkrystallen,metro,1-2-RUT:Line:4
10.71744,59.94119,Vestli - Bergkrystallen,metro,1-2-RUT:Line:4
10.71753,59.9413,Vestli - Bergkrystallen,metro,1-2-RUT:Line:4
10.71761,59.9414,Vestli - Bergkrystallen,metro,1-2-RUT:Line:4
10.71768,59.94149,Vestli - Bergkrystallen,metro,1-2-RUT:Line:4
10.71777,59.94162,Vestli - Bergkrystallen,metro,1-2-RUT:Line:4
10.71795,59.94188,Vestli - Bergkrystallen,metro,1-2-RUT:Line:4
10.71802,59.94196,Vestli - Bergkrystallen,metro,1-2-RUT:Line:4
10.71809,59.94206,Vestli - Bergkrystallen,metro,1-2-RUT:Line:4
10.71821,59.94218,Vestli - Bergkrystallen,metro,1-2-RUT:Line:4
10.71831,59.94229,Vestli - Bergkrystallen,metro,1-2-RUT:Line:4
10.7184,59.94237,Vestli - Bergkrystallen,metro,1-2-RUT:Line:4
10.71851,59.94246,Vestli - Bergkrystallen,metro,1-2-RUT:Line:4
10.71861,59.94255,Vestli - Bergkrystallen,metro,1-2-RUT:Line:4
10.7187,59.94262,Vestli - Bergkrystallen,metro,1-2-RUT:Line:4
10.7188,59.94268,Vestli - Bergkrystallen,metro,1-2-RUT:Line:4
10.71891,59.94276,Vestli - Bergkrystallen,metro,1-2-RUT:Line:4
10.71906,59.94286,Vestli - Bergkrystallen,metro,1-2-RUT:Line:4
10.71921,59.94295,Vestli - Bergkrystallen,metro,1-2-RUT:Line:4
10.71936,59.94304,Vestli - Bergkrystallen,metro,1-2-RUT:Line:4
10.71951,59.94312,Vestli - Bergkrystallen,metro,1-2-RUT:Line:4
10.71966,59.94319,Vestli - Bergkrystallen,metro,1-2-RUT:Line:4
10.71977,59.94325,Vestli - Bergkrystallen,metro,1-2-RUT:Line:4
10.7199,59.9433,Vestli - Bergkrystallen,metro,1-2-RUT:Line:4
10.72006,59.94337,Vestli - Bergkrystallen,metro,1-2-RUT:Line:4
10.7202,59.94343,Vestli - Bergkrystallen,metro,1-2-RUT:Line:4
10.72035,59.94349,Vestli - Bergkrystallen,metro,1-2-RUT:Line:4
10.72049,59.94354,Vestli - Bergkrystallen,metro,1-2-RUT:Line:4
10.72066,59.9436,Vestli - Bergkrystallen,metro,1-2-RUT:Line:4
10.72089,59.94369,Vestli - Bergkrystallen,metro,1-2-RUT:Line:4
10.7209,59.94369,Vestli - Bergkrystallen,metro,1-2-RUT:Line:4
10.72091,59.94369,Vestli - Bergkrystallen,metro,1-2-RUT:Line:4
10.72105,59.94374,Vestli - Bergkrystallen,metro,1-2-RUT:Line:4
10.72106,59.94374,Vestli - Bergkrystallen,metro,1-2-RUT:Line:4
10.72125,59.94381,Vestli - Bergkrystallen,metro,1-2-RUT:Line:4
10.72142,59.94386,Vestli - Bergkrystallen,metro,1-2-RUT:Line:4
10.72159,59.94391,Vestli - Bergkrystallen,metro,1-2-RUT:Line:4
10.72175,59.94395,Vestli - Bergkrystallen,metro,1-2-RUT:Line:4
10.72192,59.944,Vestli - Bergkrystallen,metro,1-2-RUT:Line:4
10.72207,59.94404,Vestli - Bergkrystallen,metro,1-2-RUT:Line:4
10.72225,59.94408,Vestli - Bergkrystallen,metro,1-2-RUT:Line:4
10.72241,59.94411,Vestli - Bergkrystallen,metro,1-2-RUT:Line:4
10.72257,59.94414,Vestli - Bergkrystallen,metro,1-2-RUT:Line:4
10.72278,59.94418,Vestli - Bergkrystallen,metro,1-2-RUT:Line:4
10.72297,59.94421,Vestli - Bergkrystallen,metro,1-2-RUT:Line:4
10.72317,59.94423,Vestli - Bergkrystallen,metro,1-2-RUT:Line:4
10.72342,59.94426,Vestli - Bergkrystallen,metro,1-2-RUT:Line:4
10.72472,59.94443,Vestli - Bergkrystallen,metro,1-2-RUT:Line:4
10.72491,59.94446,Vestli - Bergkrystallen,metro,1-2-RUT:Line:4
10.7251,59.94448,Vestli - Bergkrystallen,metro,1-2-RUT:Line:4
10.72527,59.94451,Vestli - Bergkrystallen,metro,1-2-RUT:Line:4
10.72546,59.94453,Vestli - Bergkrystallen,metro,1-2-RUT:Line:4
10.72564,59.94456,Vestli - Bergkrystallen,metro,1-2-RUT:Line:4
10.72587,59.9446,Vestli - Bergkrystallen,metro,1-2-RUT:Line:4
10.72614,59.94465,Vestli - Bergkrystallen,metro,1-2-RUT:Line:4
10.72635,59.94469,Vestli - Bergkrystallen,metro,1-2-RUT:Line:4
10.7266,59.94475,Vestli - Bergkrystallen,metro,1-2-RUT:Line:4
10.72681,59.94479,Vestli - Bergkrystallen,metro,1-2-RUT:Line:4
10.72702,59.94484,Vestli - Bergkrystallen,metro,1-2-RUT:Line:4
10.72725,59.9449,Vestli - Bergkrystallen,metro,1-2-RUT:Line:4
10.72747,59.94496,Vestli - Bergkrystallen,metro,1-2-RUT:Line:4
10.72768,59.94502,Vestli - Bergkrystallen,metro,1-2-RUT:Line:4
10.72786,59.94507,Vestli - Bergkrystallen,metro,1-2-RUT:Line:4
10.72801,59.94512,Vestli - Bergkrystallen,metro,1-2-RUT:Line:4
10.72819,59.94518,Vestli - Bergkrystallen,metro,1-2-RUT:Line:4
10.72839,59.94525,Vestli - Bergkrystallen,metro,1-2-RUT:Line:4
10.72866,59.94534,Vestli - Bergkrystallen,metro,1-2-RUT:Line:4
10.7289,59.94543,Vestli - Bergkrystallen,metro,1-2-RUT:Line:4
10.73035,59.94596,Vestli - Bergkrystallen,metro,1-2-RUT:Line:4
10.73058,59.94604,Vestli - Bergkrystallen,metro,1-2-RUT:Line:4
10.73077,59.94612,Vestli - Bergkrystallen,metro,1-2-RUT:Line:4
10.73093,59.94618,Vestli - Bergkrystallen,metro,1-2-RUT:Line:4
10.7311,59.94625,Vestli - Bergkrystallen,metro,1-2-RUT:Line:4
10.73128,59.94633,Vestli - Bergkrystallen,metro,1-2-RUT:Line:4
10.73144,59.94641,Vestli - Bergkrystallen,metro,1-2-RUT:Line:4
10.73159,59.94648,Vestli - Bergkrystallen,metro,1-2-RUT:Line:4
10.73173,59.94655,Vestli - Bergkrystallen,metro,1-2-RUT:Line:4
10.73192,59.94665,Vestli - Bergkrystallen,metro,1-2-RUT:Line:4
10.73215,59.94677,Vestli - Bergkrystallen,metro,1-2-RUT:Line:4
10.73219,59.94675,Ullevål stadion - Ullevål stadion T,foot,1-3-0
10.73219,59.94675,Ullevål stadion - Ullevål stadion T,foot,1-3-0
10.73219,59.94675,Ullevål stadion - Ullevål stadion T,foot,1-3-0
10.73266,59.94699,Ullevål stadion - Ullevål stadion T,foot,1-3-0
10.73266,59.94699,Ullevål stadion - Ullevål stadion T,foot,1-3-0
10.73296,59.94714,Ullevål stadion - Ullevål stadion T,foot,1-3-0
10.73296,59.94714,Ullevål stadion - Ullevål stadion T,foot,1-3-0
10.73307,59.94719,Ullevål stadion - Ullevål stadion T,foot,1-3-0
10.73307,59.94719,Ullevål stadion - Ullevål stadion T,foot,1-3-0
10.73311,59.94721,Ullevål stadion - Ullevål stadion T,foot,1-3-0
10.73314,59.9472,Ullevål stadion - Ullevål stadion T,foot,1-3-0
10.73314,59.9472,Ullevål stadion - Ullevål stadion T,foot,1-3-0
10.733,59.94712,Ullevål stadion - Ullevål stadion T,foot,1-3-0
10.73295,59.9471,Ullevål stadion - Ullevål stadion T,foot,1-3-0
10.73295,59.9471,Ullevål stadion - Ullevål stadion T,foot,1-3-0
10.73293,59.9471,Ullevål stadion - Ullevål stadion T,foot,1-3-0
10.73292,59.9471,Ullevål stadion - Ullevål stadion T,foot,1-3-0
10.73292,59.9471,Ullevål stadion - Ullevål stadion T,foot,1-3-0
10.7329,59.94711,Ullevål stadion - Ullevål stadion T,foot,1-3-0
10.73289,59.94712,Ullevål stadion - Ullevål stadion T,foot,1-3-0
10.73288,59.94726,Ullevål stadion - Ullevål stadion T,foot,1-3-0
10.73288,59.94726,Ullevål stadion - Ullevål stadion T,foot,1-3-0
10.73286,59.94726,Ullevål stadion - Ullevål stadion T,foot,1-3-0
10.73278,59.94725,Majorstuen - Lørenskog stasjon,bus,1-4-RUT:Line:25
10.73276,59.94734,Majorstuen - Lørenskog stasjon,bus,1-4-RUT:Line:25
10.73273,59.94745,Majorstuen - Lørenskog stasjon,bus,1-4-RUT:Line:25
10.73275,59.94753,Majorstuen - Lørenskog stasjon,bus,1-4-RUT:Line:25
10.73276,59.94758,Majorstuen - Lørenskog stasjon,bus,1-4-RUT:Line:25
10.73277,59.9477,Majorstuen - Lørenskog stasjon,bus,1-4-RUT:Line:25
10.73277,59.94777,Majorstuen - Lørenskog stasjon,bus,1-4-RUT:Line:25
10.73278,59.94777,Majorstuen - Lørenskog stasjon,bus,1-4-RUT:Line:25
10.73282,59.94779,Majorstuen - Lørenskog stasjon,bus,1-4-RUT:Line:25
10.73285,59.94781,Majorstuen - Lørenskog stasjon,bus,1-4-RUT:Line:25
10.73287,59.94784,Majorstuen - Lørenskog stasjon,bus,1-4-RUT:Line:25
10.73288,59.94786,Majorstuen - Lørenskog stasjon,bus,1-4-RUT:Line:25
10.73287,59.94789,Majorstuen - Lørenskog stasjon,bus,1-4-RUT:Line:25
10.73287,59.9479,Majorstuen - Lørenskog stasjon,bus,1-4-RUT:Line:25
10.73284,59.94793,Majorstuen - Lørenskog stasjon,bus,1-4-RUT:Line:25
10.7328,59.94795,Majorstuen - Lørenskog stasjon,bus,1-4-RUT:Line:25
10.73275,59.94797,Majorstuen - Lørenskog stasjon,bus,1-4-RUT:Line:25
10.73273,59.94797,Majorstuen - Lørenskog stasjon,bus,1-4-RUT:Line:25
10.73271,59.94797,Majorstuen - Lørenskog stasjon,bus,1-4-RUT:Line:25
10.73267,59.94804,Majorstuen - Lørenskog stasjon,bus,1-4-RUT:Line:25
10.73262,59.94811,Majorstuen - Lørenskog stasjon,bus,1-4-RUT:Line:25
10.73259,59.94816,Majorstuen - Lørenskog stasjon,bus,1-4-RUT:Line:25
10.73249,59.94828,Majorstuen - Lørenskog stasjon,bus,1-4-RUT:Line:25
10.73239,59.9484,Majorstuen - Lørenskog stasjon,bus,1-4-RUT:Line:25
10.73229,59.94853,Majorstuen - Lørenskog stasjon,bus,1-4-RUT:Line:25
10.73211,59.94866,Majorstuen - Lørenskog stasjon,bus,1-4-RUT:Line:25
10.7319,59.94888,Majorstuen - Lørenskog stasjon,bus,1-4-RUT:Line:25
10.73178,59.94901,Majorstuen - Lørenskog stasjon,bus,1-4-RUT:Line:25
10.73162,59.94914,Majorstuen - Lørenskog stasjon,bus,1-4-RUT:Line:25
10.73136,59.94936,Majorstuen - Lørenskog stasjon,bus,1-4-RUT:Line:25
10.73131,59.9494,Majorstuen - Lørenskog stasjon,bus,1-4-RUT:Line:25
10.73129,59.94947,Majorstuen - Lørenskog stasjon,bus,1-4-RUT:Line:25
10.73129,59.94952,Majorstuen - Lørenskog stasjon,bus,1-4-RUT:Line:25
10.73132,59.94958,Majorstuen - Lørenskog stasjon,bus,1-4-RUT:Line:25
10.73134,59.9496,Majorstuen - Lørenskog stasjon,bus,1-4-RUT:Line:25
10.73137,59.94962,Majorstuen - Lørenskog stasjon,bus,1-4-RUT:Line:25
10.73166,59.94976,Majorstuen - Lørenskog stasjon,bus,1-4-RUT:Line:25
10.73186,59.94981,Majorstuen - Lørenskog stasjon,bus,1-4-RUT:Line:25
10.73187,59.94982,Majorstuen - Lørenskog stasjon,bus,1-4-RUT:Line:25
10.73198,59.94985,Majorstuen - Lørenskog stasjon,bus,1-4-RUT:Line:25
10.73229,59.94993,Majorstuen - Lørenskog stasjon,bus,1-4-RUT:Line:25
10.73302,59.95014,Majorstuen - Lørenskog stasjon,bus,1-4-RUT:Line:25
10.73385,59.95033,Majorstuen - Lørenskog stasjon,bus,1-4-RUT:Line:25
10.73427,59.95042,Majorstuen - Lørenskog stasjon,bus,1-4-RUT:Line:25
10.73529,59.95066,Majorstuen - Lørenskog stasjon,bus,1-4-RUT:Line:25
10.73564,59.95072,Majorstuen - Lørenskog stasjon,bus,1-4-RUT:Line:25
10.73601,59.95078,Majorstuen - Lørenskog stasjon,bus,1-4-RUT:Line:25
10.73682,59.95086,Majorstuen - Lørenskog stasjon,bus,1-4-RUT:Line:25
10.73724,59.95089,Majorstuen - Lørenskog stasjon,bus,1-4-RUT:Line:25
10.7377,59.95093,Majorstuen - Lørenskog stasjon,bus,1-4-RUT:Line:25
10.73809,59.95096,Majorstuen - Lørenskog stasjon,bus,1-4-RUT:Line:25
10.73854,59.95098,Majorstuen - Lørenskog stasjon,bus,1-4-RUT:Line:25
10.73893,59.951,Majorstuen - Lørenskog stasjon,bus,1-4-RUT:Line:25
10.73921,59.951,Majorstuen - Lørenskog stasjon,bus,1-4-RUT:Line:25
10.73952,59.95101,Majorstuen - Lørenskog stasjon,bus,1-4-RUT:Line:25
10.73958,59.95099,Majorstuen - Lørenskog stasjon,bus,1-4-RUT:Line:25
10.73964,59.95097,Majorstuen - Lørenskog stasjon,bus,1-4-RUT:Line:25
10.73971,59.95097,Majorstuen - Lørenskog stasjon,bus,1-4-RUT:Line:25
10.73978,59.95097,Majorstuen - Lørenskog stasjon,bus,1-4-RUT:Line:25
10.73985,59.95098,Majorstuen - Lørenskog stasjon,bus,1-4-RUT:Line:25
10.73991,59.95099,Majorstuen - Lørenskog stasjon,bus,1-4-RUT:Line:25
10.73998,59.95102,Majorstuen - Lørenskog stasjon,bus,1-4-RUT:Line:25
10.74004,59.95106,Majorstuen - Lørenskog stasjon,bus,1-4-RUT:Line:25
10.74007,59.9511,Majorstuen - Lørenskog stasjon,bus,1-4-RUT:Line:25
10.74008,59.95115,Majorstuen - Lørenskog stasjon,bus,1-4-RUT:Line:25
10.74006,59.95118,Majorstuen - Lørenskog stasjon,bus,1-4-RUT:Line:25
10.74004,59.95122,Majorstuen - Lørenskog stasjon,bus,1-4-RUT:Line:25
10.73999,59.95125,Majorstuen - Lørenskog stasjon,bus,1-4-RUT:Line:25
10.73994,59.95127,Majorstuen - Lørenskog stasjon,bus,1-4-RUT:Line:25
10.73987,59.95129,Majorstuen - Lørenskog stasjon,bus,1-4-RUT:Line:25
10.73979,59.9513,Majorstuen - Lørenskog stasjon,bus,1-4-RUT:Line:25
10.73971,59.9513,Majorstuen - Lørenskog stasjon,bus,1-4-RUT:Line:25
10.73966,59.9513,Majorstuen - Lørenskog stasjon,bus,1-4-RUT:Line:25
10.7396,59.95129,Majorstuen - Lørenskog stasjon,bus,1-4-RUT:Line:25
10.73955,59.95127,Majorstuen - Lørenskog stasjon,bus,1-4-RUT:Line:25
10.73931,59.95127,Majorstuen - Lørenskog stasjon,bus,1-4-RUT:Line:25
10.73926,59.95127,Majorstuen - Lørenskog stasjon,bus,1-4-RUT:Line:25
10.73848,59.95124,Majorstuen - Lørenskog stasjon,bus,1-4-RUT:Line:25
10.73788,59.95121,Majorstuen - Lørenskog stasjon,bus,1-4-RUT:Line:25
10.73759,59.95118,Majorstuen - Lørenskog stasjon,bus,1-4-RUT:Line:25
10.73727,59.95114,Majorstuen - Lørenskog stasjon,bus,1-4-RUT:Line:25
10.73675,59.95104,Majorstuen - Lørenskog stasjon,bus,1-4-RUT:Line:25
10.73632,59.95094,Majorstuen - Lørenskog stasjon,bus,1-4-RUT:Line:25
10.73598,59.95087,Majorstuen - Lørenskog stasjon,bus,1-4-RUT:Line:25
10.73558,59.9508,Majorstuen - Lørenskog stasjon,bus,1-4-RUT:Line:25
10.73523,59.95072,Majorstuen - Lørenskog stasjon,bus,1-4-RUT:Line:25
10.73454,59.95057,Majorstuen - Lørenskog stasjon,bus,1-4-RUT:Line:25
10.73376,59.9504,Majorstuen - Lørenskog stasjon,bus,1-4-RUT:Line:25
10.73297,59.9502,Majorstuen - Lørenskog stasjon,bus,1-4-RUT:Line:25
10.7322,59.94999,Majorstuen - Lørenskog stasjon,bus,1-4-RUT:Line:25
10.73158,59.94982,Majorstuen - Lørenskog stasjon,bus,1-4-RUT:Line:25
10.7311,59.94974,Majorstuen - Lørenskog stasjon,bus,1-4-RUT:Line:25
10.73102,59.94974,Majorstuen - Lørenskog stasjon,bus,1-4-RUT:Line:25
10.73092,59.94975,Majorstuen - Lørenskog stasjon,bus,1-4-RUT:Line:25
10.73086,59.94977,Majorstuen - Lørenskog stasjon,bus,1-4-RUT:Line:25
10.7308,59.94978,Majorstuen - Lørenskog stasjon,bus,1-4-RUT:Line:25
10.73067,59.94984,Majorstuen - Lørenskog stasjon,bus,1-4-RUT:Line:25
10.73023,59.95013,Majorstuen - Lørenskog stasjon,bus,1-4-RUT:Line:25
10.73019,59.95021,Majorstuen - Lørenskog stasjon,bus,1-4-RUT:Line:25
10.73014,59.95024,Majorstuen - Lørenskog stasjon,bus,1-4-RUT:Line:25
10.73008,59.95028,Majorstuen - Lørenskog stasjon,bus,1-4-RUT:Line:25
10.72996,59.95032,Majorstuen - Lørenskog stasjon,bus,1-4-RUT:Line:25
10.72994,59.95034,Majorstuen - Lørenskog stasjon,bus,1-4-RUT:Line:25
10.72939,59.95072,Majorstuen - Lørenskog stasjon,bus,1-4-RUT:Line:25
10.72931,59.95077,Majorstuen - Lørenskog stasjon,bus,1-4-RUT:Line:25
10.72916,59.95088,Majorstuen - Lørenskog stasjon,bus,1-4-RUT:Line:25
10.72891,59.95105,Majorstuen - Lørenskog stasjon,bus,1-4-RUT:Line:25
10.72883,59.95111,Majorstuen - Lørenskog stasjon,bus,1-4-RUT:Line:25
10.72883,59.95111,Majorstuen - Lørenskog stasjon,bus,1-4-RUT:Line:25
10.75566,59.91109,Oslo S - Jernbanetorget,foot,2-5-0
10.75561,59.91106,Oslo S - Jernbanetorget,foot,2-5-0
10.7555,59.91109,Oslo S - Jernbanetorget,foot,2-5-0
10.75548,59.91109,Oslo S - Jernbanetorget,foot,2-5-0
10.75544,59.9111,Oslo S - Jernbanetorget,foot,2-5-0
10.75544,59.91111,Oslo S - Jernbanetorget,foot,2-5-0
10.75536,59.91113,Oslo S - Jernbanetorget,foot,2-5-0
10.7536,59.91155,Oslo S - Jernbanetorget,foot,2-5-0
10.75341,59.9116,Oslo S - Jernbanetorget,foot,2-5-0
10.75362,59.91182,Oslo S - Jernbanetorget,foot,2-5-0
10.75367,59.91187,Oslo S - Jernbanetorget,foot,2-5-0
10.75368,59.91189,Oslo S - Jernbanetorget,foot,2-5-0
10.75368,59.91191,Oslo S - Jernbanetorget,foot,2-5-0
10.75368,59.91192,Oslo S - Jernbanetorget,foot,2-5-0
10.75366,59.91195,Oslo S - Jernbanetorget,foot,2-5-0
10.75361,59.91199,Oslo S - Jernbanetorget,foot,2-5-0
10.75338,59.91217,Oslo S - Jernbanetorget,foot,2-5-0
10.75331,59.91223,Oslo S - Jernbanetorget,foot,2-5-0
10.75319,59.9122,Oslo S - Jernbanetorget,foot,2-5-0
10.75291,59.91221,Oslo S - Jernbanetorget,foot,2-5-0
10.75277,59.91222,Oslo S - Jernbanetorget,foot,2-5-0
10.75271,59.91222,Oslo S - Jernbanetorget,foot,2-5-0
10.75271,59.91222,Oslo S - Jernbanetorget,foot,2-5-0
10.75268,59.91222,Oslo S - Jernbanetorget,foot,2-5-0
10.75132,59.91226,Oslo S - Jernbanetorget,foot,2-5-0
10.75132,59.91224,Sognsvann - Vestli,metro,2-6-RUT:Line:5
10.75064,59.91228,Sognsvann - Vestli,metro,2-6-RUT:Line:5
10.75058,59.91228,Sognsvann - Vestli,metro,2-6-RUT:Line:5
10.75022,59.9123,Sognsvann - Vestli,metro,2-6-RUT:Line:5
10.74953,59.91233,Sognsvann - Vestli,metro,2-6-RUT:Line:5
10.74935,59.91234,Sognsvann - Vestli,metro,2-6-RUT:Line:5
10.74917,59.91236,Sognsvann - Vestli,metro,2-6-RUT:Line:5
10.74896,59.91238,Sognsvann - Vestli,metro,2-6-RUT:Line:5
10.74866,59.91242,Sognsvann - Vestli,metro,2-6-RUT:Line:5
10.74838,59.91247,Sognsvann - Vestli,metro,2-6-RUT:Line:5
10.74806,59.91255,Sognsvann - Vestli,metro,2-6-RUT:Line:5
10.74767,59.91266,Sognsvann - Vestli,metro,2-6-RUT:Line:5
10.74736,59.91275,Sognsvann - Vestli,metro,2-6-RUT:Line:5
10.74685,59.91289,Sognsvann - Vestli,metro,2-6-RUT:Line:5
10.7464,59.91301,Sognsvann - Vestli,metro,2-6-RUT:Line:5
10.74606,59.9131,Sognsvann - Vestli,metro,2-6-RUT:Line:5
10.74573,59.91318,Sognsvann - Vestli,metro,2-6-RUT:Line:5
10.7454,59.91324,Sognsvann - Vestli,metro,2-6-RUT:Line:5
10.74502,59.9133,Sognsvann - Vestli,metro,2-6-RUT:Line:5
10.74479,59.91333,Sognsvann - Vestli,metro,2-6-RUT:Line:5
10.74453,59.91335,Sognsvann - Vestli,metro,2-6-RUT:Line:5
10.74424,59.91338,Sognsvann - Vestli,metro,2-6-RUT:Line:5
10.74321,59.91345,Sognsvann - Vestli,metro,2-6-RUT:Line:5
10.7432,59.91345,Sognsvann - Vestli,metro,2-6-RUT:Line:5
10.7429,59.91348,Sognsvann - Vestli,metro,2-6-RUT:Line:5
10.74208,59.91354,Sognsvann - Vestli,metro,2-6-RUT:Line:5
10.74107,59.91362,Sognsvann - Vestli,metro,2-6-RUT:Line:5
10.74059,59.91365,Sognsvann - Vestli,metro,2-6-RUT:Line:5
10.73906,59.91377,Sognsvann - Vestli,metro,2-6-RUT:Line:5
10.73868,59.9138,Sognsvann - Vestli,metro,2-6-RUT:Line:5
10.73835,59.91383,Sognsvann - Vestli,metro,2-6-RUT:Line:5
10.73791,59.91388,Sognsvann - Vestli,metro,2-6-RUT:Line:5
10.73764,59.91393,Sognsvann - Vestli,metro,2-6-RUT:Line:5
10.73738,59.91397,Sognsvann - Vestli,metro,2-6-RUT:Line:5
10.73712,59.91403,Sognsvann - Vestli,metro,2-6-RUT:Line:5
10.73688,59.91408,Sognsvann - Vestli,metro,2-6-RUT:Line:5
10.7366,59.91415,Sognsvann - Vestli,metro,2-6-RUT:Line:5
10.73512,59.91455,Sognsvann - Vestli,metro,2-6-RUT:Line:5
10.73487,59.91461,Sognsvann - Vestli,metro,2-6-RUT:Line:5
10.73464,59.91465,Sognsvann - Vestli,metro,2-6-RUT:Line:5
10.73451,59.91468,Sognsvann - Vestli,metro,2-6-RUT:Line:5
10.73418,59.91473,Sognsvann - Vestli,metro,2-6-RUT:Line:5
10.73405,59.91475,Sognsvann - Vestli,metro,2-6-RUT:Line:5
10.73385,59.91479,Sognsvann - Vestli,metro,2-6-RUT:Line:5
10.73358,59.91485,Sognsvann - Vestli,metro,2-6-RUT:Line:5
10.73339,59.9149,Sognsvann - Vestli,metro,2-6-RUT:Line:5
10.73318,59.91496,Sognsvann - Vestli,metro,2-6-RUT:Line:5
10.73301,59.91502,Sognsvann - Vestli,metro,2-6-RUT:Line:5
10.73286,59.91508,Sognsvann - Vestli,metro,2-6-RUT:Line:5
10.73266,59.91516,Sognsvann - Vestli,metro,2-6-RUT:Line:5
10.73244,59.91528,Sognsvann - Vestli,metro,2-6-RUT:Line:5
10.73234,59.91534,Sognsvann - Vestli,metro,2-6-RUT:Line:5
10.73233,59.91535,Sognsvann - Vestli,metro,2-6-RUT:Line:5
10.73223,59.9154,Sognsvann - Vestli,metro,2-6-RUT:Line:5
10.73194,59.9156,Sognsvann - Vestli,metro,2-6-RUT:Line:5
10.73178,59.91571,Sognsvann - Vestli,metro,2-6-RUT:Line:5
10.73162,59.91583,Sognsvann - Vestli,metro,2-6-RUT:Line:5
10.7314,59.91601,Sognsvann - Vestli,metro,2-6-RUT:Line:5
10.73099,59.91639,Sognsvann - Vestli,metro,2-6-RUT:Line:5
10.73075,59.91666,Sognsvann - Vestli,metro,2-6-RUT:Line:5
10.73058,59.91686,Sognsvann - Vestli,metro,2-6-RUT:Line:5
10.73028,59.91732,Sognsvann - Vestli,metro,2-6-RUT:Line:5
10.72992,59.91786,Sognsvann - Vestli,metro,2-6-RUT:Line:5
10.72694,59.92235,Sognsvann - Vestli,metro,2-6-RUT:Line:5
10.72669,59.92274,Sognsvann - Vestli,metro,2-6-RUT:Line:5
10.72647,59.92303,Sognsvann - Vestli,metro,2-6-RUT:Line:5
10.72626,59.92326,Sognsvann - Vestli,metro,2-6-RUT:Line:5
10.72601,59.92348,Sognsvann - Vestli,metro,2-6-RUT:Line:5
10.72573,59.92371,Sognsvann - Vestli,metro,2-6-RUT:Line:5
10.72534,59.92395,Sognsvann - Vestli,metro,2-6-RUT:Line:5
10.72481,59.92429,Sognsvann - Vestli,metro,2-6-RUT:Line:5
10.7247,59.92435,Sognsvann - Vestli,metro,2-6-RUT:Line:5
10.7204,59.927,Sognsvann - Vestli,metro,2-6-RUT:Line:5
10.71976,59.9274,Sognsvann - Vestli,metro,2-6-RUT:Line:5
10.71951,59.92755,Sognsvann - Vestli,metro,2-6-RUT:Line:5
10.71937,59.92763,Sognsvann - Vestli,metro,2-6-RUT:Line:5
10.71896,59.92783,Sognsvann - Vestli,metro,2-6-RUT:Line:5
10.71859,59.92801,Sognsvann - Vestli,metro,2-6-RUT:Line:5
10.71818,59.92821,Sognsvann - Vestli,metro,2-6-RUT:Line:5
10.71789,59.92836,Sognsvann - Vestli,metro,2-6-RUT:Line:5
10.71754,59.92853,Sognsvann - Vestli,metro,2-6-RUT:Line:5
10.71724,59.92868,Sognsvann - Vestli,metro,2-6-RUT:Line:5
10.71695,59.92884,Sognsvann - Vestli,metro,2-6-RUT:Line:5
10.71645,59.92914,Sognsvann - Vestli,metro,2-6-RUT:Line:5
10.71599,59.92941,Sognsvann - Vestli,metro,2-6-RUT:Line:5
10.71563,59.92962,Sognsvann - Vestli,metro,2-6-RUT:Line:5
10.71543,59.92975,Sognsvann - Vestli,metro,2-6-RUT:Line:5
10.71519,59.92991,Sognsvann - Vestli,metro,2-6-RUT:Line:5
10.71483,59.93013,Sognsvann - Vestli,metro,2-6-RUT:Line:5
10.71461,59.93026,Sognsvann - Vestli,metro,2-6-RUT:Line:5
10.71455,59.93029,Sognsvann - Vestli,metro,2-6-RUT:Line:5
10.71453,59.93031,Sognsvann - Vestli,metro,2-6-RUT:Line:5
10.71432,59.93045,Sognsvann - Vestli,metro,2-6-RUT:Line:5
10.71417,59.93057,Sognsvann - Vestli,metro,2-6-RUT:Line:5
10.71394,59.93074,Sognsvann - Vestli,metro,2-6-RUT:Line:5
10.71381,59.93083,Sognsvann - Vestli,metro,2-6-RUT:Line:5
10.71346,59.93105,Sognsvann - Vestli,metro,2-6-RUT:Line:5
10.71311,59.93127,Sognsvann - Vestli,metro,2-6-RUT:Line:5
10.71304,59.93131,Sognsvann - Vestli,metro,2-6-RUT:Line:5
10.7125,59.93165,Sognsvann - Vestli,metro,2-6-RUT:Line:5
10.71233,59.93176,Sognsvann - Vestli,metro,2-6-RUT:Line:5
10.71209,59.93191,Sognsvann - Vestli,metro,2-6-RUT:Line:5
10.71187,59.93205,Sognsvann - Vestli,metro,2-6-RUT:Line:5
10.71171,59.93215,Sognsvann - Vestli,metro,2-6-RUT:Line:5
10.71157,59.93223,Sognsvann - Vestli,metro,2-6-RUT:Line:5
10.71134,59.93234,Sognsvann - Vestli,metro,2-6-RUT:Line:5
10.71121,59.93241,Sognsvann - Vestli,metro,2-6-RUT:Line:5
10.71101,59.9325,Sognsvann - Vestli,metro,2-6-RUT:Line:5
10.71076,59.93262,Sognsvann - Vestli,metro,2-6-RUT:Line:5
10.71061,59.93268,Sognsvann - Vestli,metro,2-6-RUT:Line:5
10.71045,59.93275,Sognsvann - Vestli,metro,2-6-RUT:Line:5
10.71032,59.93281,Sognsvann - Vestli,metro,2-6-RUT:Line:5
10.71018,59.93288,Sognsvann - Vestli,metro,2-6-RUT:Line:5
10.71005,59.93295,Sognsvann - Vestli,metro,2-6-RUT:Line:5
10.70992,59.93302,Sognsvann - Vestli,metro,2-6-RUT:Line:5
10.70982,59.93308,Sognsvann - Vestli,metro,2-6-RUT:Line:5
10.70974,59.93313,Sognsvann - Vestli,metro,2-6-RUT:Line:5
10.70966,59.93319,Sognsvann - Vestli,metro,2-6-RUT:Line:5
10.70957,59.93327,Sognsvann - Vestli,metro,2-6-RUT:Line:5
10.7095,59.93333,Sognsvann - Vestli,metro,2-6-RUT:Line:5
10.70944,59.93339,Sognsvann - Vestli,metro,2-6-RUT:Line:5
10.70939,59.93345,Sognsvann - Vestli,metro,2-6-RUT:Line:5
10.70934,59.93351,Sognsvann - Vestli,metro,2-6-RUT:Line:5
10.70929,59.93359,Sognsvann - Vestli,metro,2-6-RUT:Line:5
10.70925,59.93367,Sognsvann - Vestli,metro,2-6-RUT:Line:5
10.70923,59.93374,Sognsvann - Vestli,metro,2-6-RUT:Line:5
10.7092,59.93381,Sognsvann - Vestli,metro,2-6-RUT:Line:5
10.70919,59.93389,Sognsvann - Vestli,metro,2-6-RUT:Line:5
10.70917,59.93397,Sognsvann - Vestli,metro,2-6-RUT:Line:5
10.70916,59.93406,Sognsvann - Vestli,metro,2-6-RUT:Line:5
10.70915,59.93423,Sognsvann - Vestli,metro,2-6-RUT:Line:5
10.70915,59.93437,Sognsvann - Vestli,metro,2-6-RUT:Line:5
10.70915,59.9345,Sognsvann - Vestli,metro,2-6-RUT:Line:5
10.70916,59.93463,Sognsvann - Vestli,metro,2-6-RUT:Line:5
10.70917,59.93479,Sognsvann - Vestli,metro,2-6-RUT:Line:5
10.70918,59.93493,Sognsvann - Vestli,metro,2-6-RUT:Line:5
10.7092,59.93506,Sognsvann - Vestli,metro,2-6-RUT:Line:5
10.70923,59.93518,Sognsvann - Vestli,metro,2-6-RUT:Line:5
10.70925,59.93529,Sognsvann - Vestli,metro,2-6-RUT:Line:5
10.70928,59.93542,Sognsvann - Vestli,metro,2-6-RUT:Line:5
10.70932,59.93555,Sognsvann - Vestli,metro,2-6-RUT:Line:5
10.70936,59.93566,Sognsvann - Vestli,metro,2-6-RUT:Line:5
10.70941,59.93577,Sognsvann - Vestli,metro,2-6-RUT:Line:5
10.70946,59.93587,Sognsvann - Vestli,metro,2-6-RUT:Line:5
10.70952,59.93596,Sognsvann - Vestli,metro,2-6-RUT:Line:5
10.70958,59.93606,Sognsvann - Vestli,metro,2-6-RUT:Line:5
10.70966,59.93617,Sognsvann - Vestli,metro,2-6-RUT:Line:5
10.70973,59.93625,Sognsvann - Vestli,metro,2-6-RUT:Line:5
10.70981,59.93635,Sognsvann - Vestli,metro,2-6-RUT:Line:5
10.70992,59.93646,Sognsvann - Vestli,metro,2-6-RUT:Line:5
10.71032,59.93685,Sognsvann - Vestli,metro,2-6-RUT:Line:5
10.7104,59.93693,Sognsvann - Vestli,metro,2-6-RUT:Line:5
10.71047,59.937,Sognsvann - Vestli,metro,2-6-RUT:Line:5
10.71055,59.93705,Sognsvann - Vestli,metro,2-6-RUT:Line:5
10.7106,59.9371,Sognsvann - Vestli,metro,2-6-RUT:Line:5
10.71067,59.93715,Sognsvann - Vestli,metro,2-6-RUT:Line:5
10.71074,59.93719,Sognsvann - Vestli,metro,2-6-RUT:Line:5
10.71083,59.93724,Sognsvann - Vestli,metro,2-6-RUT:Line:5
10.71091,59.93729,Sognsvann - Vestli,metro,2-6-RUT:Line:5
10.71098,59.93733,Sognsvann - Vestli,metro,2-6-RUT:Line:5
10.71109,59.93738,Sognsvann - Vestli,metro,2-6-RUT:Line:5
10.71119,59.93742,Sognsvann - Vestli,metro,2-6-RUT:Line:5
10.71132,59.93747,Sognsvann - Vestli,metro,2-6-RUT:Line:5
10.71148,59.93753,Sognsvann - Vestli,metro,2-6-RUT:Line:5
10.71163,59.93759,Sognsvann - Vestli,metro,2-6-RUT:Line:5
10.71185,59.93766,Sognsvann - Vestli,metro,2-6-RUT:Line:5
10.71242,59.93786,Sognsvann - Vestli,metro,2-6-RUT:Line:5
10.7126,59.93792,Sognsvann - Vestli,metro,2-6-RUT:Line:5
10.71275,59.93798,Sognsvann - Vestli,metro,2-6-RUT:Line:5
10.71288,59.93803,Sognsvann - Vestli,metro,2-6-RUT:Line:5
10.71301,59.93808,Sognsvann - Vestli,metro,2-6-RUT:Line:5
10.71315,59.93814,Sognsvann - Vestli,metro,2-6-RUT:Line:5
10.71327,59.93819,Sognsvann - Vestli,metro,2-6-RUT:Line:5
10.71338,59.93825,Sognsvann - Vestli,metro,2-6-RUT:Line:5
10.71349,59.93831,Sognsvann - Vestli,metro,2-6-RUT:Line:5
10.7136,59.93838,Sognsvann - Vestli,metro,2-6-RUT:Line:5
10.71372,59.93845,Sognsvann - Vestli,metro,2-6-RUT:Line:5
10.71382,59.93852,Sognsvann - Vestli,metro,2-6-RUT:Line:5
10.71391,59.93858,Sognsvann - Vestli,metro,2-6-RUT:Line:5
10.714,59.93864,Sognsvann - Vestli,metro,2-6-RUT:Line:5
10.71414,59.93874,Sognsvann - Vestli,metro,2-6-RUT:Line:5
10.71451,59.939,Sognsvann - Vestli,metro,2-6-RUT:Line:5
10.71491,59.93928,Sognsvann - Vestli,metro,2-6-RUT:Line:5
10.71538,59.93961,Sognsvann - Vestli,metro,2-6-RUT:Line:5
10.71608,59.94011,Sognsvann - Vestli,metro,2-6-RUT:Line:5
10.71615,59.94016,Sognsvann - Vestli,metro,2-6-RUT:Line:5
10.71619,59.94018,Sognsvann - Vestli,metro,2-6-RUT:Line:5
10.71678,59.9406,Sognsvann - Vestli,metro,2-6-RUT:Line:5
10.71687,59.94067,Sognsvann - Vestli,metro,2-6-RUT:Line:5
10.71697,59.94075,Sognsvann - Vestli,metro,2-6-RUT:Line:5
10.71705,59.94082,Sognsvann - Vestli,metro,2-6-RUT:Line:5
10.71717,59.94092,Sognsvann - Vestli,metro,2-6-RUT:Line:5
10.71727,59.94101,Sognsvann - Vestli,metro,2-6-RUT:Line:5
10.71736,59.9411,Sognsvann - Vestli,metro,2-6-RUT:Line:5
10.71744,59.94119,Sognsvann - Vestli,metro,2-6-RUT:Line:5
10.71753,59.9413,Sognsvann - Vestli,metro,2-6-RUT:Line:5
10.71761,59.9414,Sognsvann - Vestli,metro,2-6-RUT:Line:5
10.71768,59.94149,Sognsvann - Vestli,metro,2-6-RUT:Line:5
10.71777,59.94162,Sognsvann - Vestli,metro,2-6-RUT:Line:5
10.71795,59.94188,Sognsvann - Vestli,metro,2-6-RUT:Line:5
10.71802,59.94196,Sognsvann - Vestli,metro,2-6-RUT:Line:5
10.71809,59.94206,Sognsvann - Vestli,metro,2-6-RUT:Line:5
10.71821,59.94218,Sognsvann - Vestli,metro,2-6-RUT:Line:5
10.71831,59.94229,Sognsvann - Vestli,metro,2-6-RUT:Line:5
10.7184,59.94237,Sognsvann - Vestli,metro,2-6-RUT:Line:5
10.71851,59.94246,Sognsvann - Vestli,metro,2-6-RUT:Line:5
10.71861,59.94255,Sognsvann - Vestli,metro,2-6-RUT:Line:5
10.7187,59.94262,Sognsvann - Vestli,metro,2-6-RUT:Line:5
10.7188,59.94268,Sognsvann - Vestli,metro,2-6-RUT:Line:5
10.71891,59.94276,Sognsvann - Vestli,metro,2-6-RUT:Line:5
10.71906,59.94286,Sognsvann - Vestli,metro,2-6-RUT:Line:5
10.71921,59.94295,Sognsvann - Vestli,metro,2-6-RUT:Line:5
10.71936,59.94304,Sognsvann - Vestli,metro,2-6-RUT:Line:5
10.71951,59.94312,Sognsvann - Vestli,metro,2-6-RUT:Line:5
10.71966,59.94319,Sognsvann - Vestli,metro,2-6-RUT:Line:5
10.71977,59.94325,Sognsvann - Vestli,metro,2-6-RUT:Line:5
10.7199,59.9433,Sognsvann - Vestli,metro,2-6-RUT:Line:5
10.72006,59.94337,Sognsvann - Vestli,metro,2-6-RUT:Line:5
10.7202,59.94343,Sognsvann - Vestli,metro,2-6-RUT:Line:5
10.72035,59.94349,Sognsvann - Vestli,metro,2-6-RUT:Line:5
10.72049,59.94354,Sognsvann - Vestli,metro,2-6-RUT:Line:5
10.72066,59.9436,Sognsvann - Vestli,metro,2-6-RUT:Line:5
10.72089,59.94369,Sognsvann - Vestli,metro,2-6-RUT:Line:5
10.7209,59.94369,Sognsvann - Vestli,metro,2-6-RUT:Line:5
10.72091,59.94369,Sognsvann - Vestli,metro,2-6-RUT:Line:5
10.72105,59.94374,Sognsvann - Vestli,metro,2-6-RUT:Line:5
10.72106,59.94374,Sognsvann - Vestli,metro,2-6-RUT:Line:5
10.72125,59.94381,Sognsvann - Vestli,metro,2-6-RUT:Line:5
10.72142,59.94386,Sognsvann - Vestli,metro,2-6-RUT:Line:5
10.72159,59.94391,Sognsvann - Vestli,metro,2-6-RUT:Line:5
10.72175,59.94395,Sognsvann - Vestli,metro,2-6-RUT:Line:5
10.72192,59.944,Sognsvann - Vestli,metro,2-6-RUT:Line:5
10.72207,59.94404,Sognsvann - Vestli,metro,2-6-RUT:Line:5
10.72225,59.94408,Sognsvann - Vestli,metro,2-6-RUT:Line:5
10.72241,59.94411,Sognsvann - Vestli,metro,2-6-RUT:Line:5
10.72257,59.94414,Sognsvann - Vestli,metro,2-6-RUT:Line:5
10.72278,59.94418,Sognsvann - Vestli,metro,2-6-RUT:Line:5
10.72297,59.94421,Sognsvann - Vestli,metro,2-6-RUT:Line:5
10.72317,59.94423,Sognsvann - Vestli,metro,2-6-RUT:Line:5
10.72342,59.94426,Sognsvann - Vestli,metro,2-6-RUT:Line:5
10.72472,59.94443,Sognsvann - Vestli,metro,2-6-RUT:Line:5
10.72491,59.94446,Sognsvann - Vestli,metro,2-6-RUT:Line:5
10.7251,59.94448,Sognsvann - Vestli,metro,2-6-RUT:Line:5
10.72527,59.94451,Sognsvann - Vestli,metro,2-6-RUT:Line:5
10.72546,59.94453,Sognsvann - Vestli,metro,2-6-RUT:Line:5
10.72564,59.94456,Sognsvann - Vestli,metro,2-6-RUT:Line:5
10.72587,59.9446,Sognsvann - Vestli,metro,2-6-RUT:Line:5
10.72614,59.94465,Sognsvann - Vestli,metro,2-6-RUT:Line:5
10.72635,59.94469,Sognsvann - Vestli,metro,2-6-RUT:Line:5
10.7266,59.94475,Sognsvann - Vestli,metro,2-6-RUT:Line:5
10.72681,59.94479,Sognsvann - Vestli,metro,2-6-RUT:Line:5
10.72702,59.94484,Sognsvann - Vestli,metro,2-6-RUT:Line:5
10.72725,59.9449,Sognsvann - Vestli,metro,2-6-RUT:Line:5
10.72747,59.94496,Sognsvann - Vestli,metro,2-6-RUT:Line:5
10.72768,59.94502,Sognsvann - Vestli,metro,2-6-RUT:Line:5
10.72786,59.94507,Sognsvann - Vestli,metro,2-6-RUT:Line:5
10.72801,59.94512,Sognsvann - Vestli,metro,2-6-RUT:Line:5
10.72819,59.94518,Sognsvann - Vestli,metro,2-6-RUT:Line:5
10.72839,59.94525,Sognsvann - Vestli,metro,2-6-RUT:Line:5
10.72866,59.94534,Sognsvann - Vestli,metro,2-6-RUT:Line:5
10.7289,59.94543,Sognsvann - Vestli,metro,2-6-RUT:Line:5
10.73035,59.94596,Sognsvann - Vestli,metro,2-6-RUT:Line:5
10.73058,59.94604,Sognsvann - Vestli,metro,2-6-RUT:Line:5
10.73077,59.94612,Sognsvann - Vestli,metro,2-6-RUT:Line:5
10.73093,59.94618,Sognsvann - Vestli,metro,2-6-RUT:Line:5
10.7311,59.94625,Sognsvann - Vestli,metro,2-6-RUT:Line:5
10.73128,59.94633,Sognsvann - Vestli,metro,2-6-RUT:Line:5
10.73144,59.94641,Sognsvann - Vestli,metro,2-6-RUT:Line:5
10.73159,59.94648,Sognsvann - Vestli,metro,2-6-RUT:Line:5
10.73173,59.94655,Sognsvann - Vestli,metro,2-6-RUT:Line:5
10.73192,59.94665,Sognsvann - Vestli,metro,2-6-RUT:Line:5
10.73215,59.94677,Sognsvann - Vestli,metro,2-6-RUT:Line:5
10.73219,59.94675,Ullevål stadion - Ullevål stadion T,foot,2-7-0
10.73219,59.94675,Ullevål stadion - Ullevål stadion T,foot,2-7-0
10.73219,59.94675,Ullevål stadion - Ullevål stadion T,foot,2-7-0
10.73266,59.94699,Ullevål stadion - Ullevål stadion T,foot,2-7-0
10.73266,59.94699,Ullevål stadion - Ullevål stadion T,foot,2-7-0
10.73296,59.94714,Ullevål stadion - Ullevål stadion T,foot,2-7-0
10.73296,59.94714,Ullevål stadion - Ullevål stadion T,foot,2-7-0
10.73307,59.94719,Ullevål stadion - Ullevål stadion T,foot,2-7-0
10.73307,59.94719,Ullevål stadion - Ullevål stadion T,foot,2-7-0
10.73311,59.94721,Ullevål stadion - Ullevål stadion T,foot,2-7-0
10.73314,59.9472,Ullevål stadion - Ullevål stadion T,foot,2-7-0
10.73314,59.9472,Ullevål stadion - Ullevål stadion T,foot,2-7-0
10.733,59.94712,Ullevål stadion - Ullevål stadion T,foot,2-7-0
10.73295,59.9471,Ullevål stadion - Ullevål stadion T,foot,2-7-0
10.73295,59.9471,Ullevål stadion - Ullevål stadion T,foot,2-7-0
10.73293,59.9471,Ullevål stadion - Ullevål stadion T,foot,2-7-0
10.73292,59.9471,Ullevål stadion - Ullevål stadion T,foot,2-7-0
10.73292,59.9471,Ullevål stadion - Ullevål stadion T,foot,2-7-0
10.7329,59.94711,Ullevål stadion - Ullevål stadion T,foot,2-7-0
10.73289,59.94712,Ullevål stadion - Ullevål stadion T,foot,2-7-0
10.73288,59.94726,Ullevål stadion - Ullevål stadion T,foot,2-7-0
10.73288,59.94726,Ullevål stadion - Ullevål stadion T,foot,2-7-0
10.73286,59.94726,Ullevål stadion - Ullevål stadion T,foot,2-7-0
10.73278,59.94725,Majorstuen - Lørenskog stasjon,bus,2-8-RUT:Line:25
10.73276,59.94734,Majorstuen - Lørenskog stasjon,bus,2-8-RUT:Line:25
10.73273,59.94745,Majorstuen - Lørenskog stasjon,bus,2-8-RUT:Line:25
10.73275,59.94753,Majorstuen - Lørenskog stasjon,bus,2-8-RUT:Line:25
10.73276,59.94758,Majorstuen - Lørenskog stasjon,bus,2-8-RUT:Line:25
10.73277,59.9477,Majorstuen - Lørenskog stasjon,bus,2-8-RUT:Line:25
10.73277,59.94777,Majorstuen - Lørenskog stasjon,bus,2-8-RUT:Line:25
10.73278,59.94777,Majorstuen - Lørenskog stasjon,bus,2-8-RUT:Line:25
10.73282,59.94779,Majorstuen - Lørenskog stasjon,bus,2-8-RUT:Line:25
10.73285,59.94781,Majorstuen - Lørenskog stasjon,bus,2-8-RUT:Line:25
10.73287,59.94784,Majorstuen - Lørenskog stasjon,bus,2-8-RUT:Line:25
10.73288,59.94786,Majorstuen - Lørenskog stasjon,bus,2-8-RUT:Line:25
10.73287,59.94789,Majorstuen - Lørenskog stasjon,bus,2-8-RUT:Line:25
10.73287,59.9479,Majorstuen - Lørenskog stasjon,bus,2-8-RUT:Line:25
10.73284,59.94793,Majorstuen - Lørenskog stasjon,bus,2-8-RUT:Line:25
10.7328,59.94795,Majorstuen - Lørenskog stasjon,bus,2-8-RUT:Line:25
10.73275,59.94797,Majorstuen - Lørenskog stasjon,bus,2-8-RUT:Line:25
10.73273,59.94797,Majorstuen - Lørenskog stasjon,bus,2-8-RUT:Line:25
10.73271,59.94797,Majorstuen - Lørenskog stasjon,bus,2-8-RUT:Line:25
10.73267,59.94804,Majorstuen - Lørenskog stasjon,bus,2-8-RUT:Line:25
10.73262,59.94811,Majorstuen - Lørenskog stasjon,bus,2-8-RUT:Line:25
10.73259,59.94816,Majorstuen - Lørenskog stasjon,bus,2-8-RUT:Line:25
10.73249,59.94828,Majorstuen - Lørenskog stasjon,bus,2-8-RUT:Line:25
10.73239,59.9484,Majorstuen - Lørenskog stasjon,bus,2-8-RUT:Line:25
10.73229,59.94853,Majorstuen - Lørenskog stasjon,bus,2-8-RUT:Line:25
10.73211,59.94866,Majorstuen - Lørenskog stasjon,bus,2-8-RUT:Line:25
10.7319,59.94888,Majorstuen - Lørenskog stasjon,bus,2-8-RUT:Line:25
10.73178,59.94901,Majorstuen - Lørenskog stasjon,bus,2-8-RUT:Line:25
10.73162,59.94914,Majorstuen - Lørenskog stasjon,bus,2-8-RUT:Line:25
10.73136,59.94936,Majorstuen - Lørenskog stasjon,bus,2-8-RUT:Line:25
10.73131,59.9494,Majorstuen - Lørenskog stasjon,bus,2-8-RUT:Line:25
10.73129,59.94947,Majorstuen - Lørenskog stasjon,bus,2-8-RUT:Line:25
10.73129,59.94952,Majorstuen - Lørenskog stasjon,bus,2-8-RUT:Line:25
10.73132,59.94958,Majorstuen - Lørenskog stasjon,bus,2-8-RUT:Line:25
10.73134,59.9496,Majorstuen - Lørenskog stasjon,bus,2-8-RUT:Line:25
10.73137,59.94962,Majorstuen - Lørenskog stasjon,bus,2-8-RUT:Line:25
10.73166,59.94976,Majorstuen - Lørenskog stasjon,bus,2-8-RUT:Line:25
10.73186,59.94981,Majorstuen - Lørenskog stasjon,bus,2-8-RUT:Line:25
10.73187,59.94982,Majorstuen - Lørenskog stasjon,bus,2-8-RUT:Line:25
10.73198,59.94985,Majorstuen - Lørenskog stasjon,bus,2-8-RUT:Line:25
10.73229,59.94993,Majorstuen - Lørenskog stasjon,bus,2-8-RUT:Line:25
10.73302,59.95014,Majorstuen - Lørenskog stasjon,bus,2-8-RUT:Line:25
10.73385,59.95033,Majorstuen - Lørenskog stasjon,bus,2-8-RUT:Line:25
10.73427,59.95042,Majorstuen - Lørenskog stasjon,bus,2-8-RUT:Line:25
10.73529,59.95066,Majorstuen - Lørenskog stasjon,bus,2-8-RUT:Line:25
10.73564,59.95072,Majorstuen - Lørenskog stasjon,bus,2-8-RUT:Line:25
10.73601,59.95078,Majorstuen - Lørenskog stasjon,bus,2-8-RUT:Line:25
10.73682,59.95086,Majorstuen - Lørenskog stasjon,bus,2-8-RUT:Line:25
10.73724,59.95089,Majorstuen - Lørenskog stasjon,bus,2-8-RUT:Line:25
10.7377,59.95093,Majorstuen - Lørenskog stasjon,bus,2-8-RUT:Line:25
10.73809,59.95096,Majorstuen - Lørenskog stasjon,bus,2-8-RUT:Line:25
10.73854,59.95098,Majorstuen - Lørenskog stasjon,bus,2-8-RUT:Line:25
10.73893,59.951,Majorstuen - Lørenskog stasjon,bus,2-8-RUT:Line:25
10.73921,59.951,Majorstuen - Lørenskog stasjon,bus,2-8-RUT:Line:25
10.73952,59.95101,Majorstuen - Lørenskog stasjon,bus,2-8-RUT:Line:25
10.73958,59.95099,Majorstuen - Lørenskog stasjon,bus,2-8-RUT:Line:25
10.73964,59.95097,Majorstuen - Lørenskog stasjon,bus,2-8-RUT:Line:25
10.73971,59.95097,Majorstuen - Lørenskog stasjon,bus,2-8-RUT:Line:25
10.73978,59.95097,Majorstuen - Lørenskog stasjon,bus,2-8-RUT:Line:25
10.73985,59.95098,Majorstuen - Lørenskog stasjon,bus,2-8-RUT:Line:25
10.73991,59.95099,Majorstuen - Lørenskog stasjon,bus,2-8-RUT:Line:25
10.73998,59.95102,Majorstuen - Lørenskog stasjon,bus,2-8-RUT:Line:25
10.74004,59.95106,Majorstuen - Lørenskog stasjon,bus,2-8-RUT:Line:25
10.74007,59.9511,Majorstuen - Lørenskog stasjon,bus,2-8-RUT:Line:25
10.74008,59.95115,Majorstuen - Lørenskog stasjon,bus,2-8-RUT:Line:25
10.74006,59.95118,Majorstuen - Lørenskog stasjon,bus,2-8-RUT:Line:25
10.74004,59.95122,Majorstuen - Lørenskog stasjon,bus,2-8-RUT:Line:25
10.73999,59.95125,Majorstuen - Lørenskog stasjon,bus,2-8-RUT:Line:25
10.73994,59.95127,Majorstuen - Lørenskog stasjon,bus,2-8-RUT:Line:25
10.73987,59.95129,Majorstuen - Lørenskog stasjon,bus,2-8-RUT:Line:25
10.73979,59.9513,Majorstuen - Lørenskog stasjon,bus,2-8-RUT:Line:25
10.73971,59.9513,Majorstuen - Lørenskog stasjon,bus,2-8-RUT:Line:25
10.73966,59.9513,Majorstuen - Lørenskog stasjon,bus,2-8-RUT:Line:25
10.7396,59.95129,Majorstuen - Lørenskog stasjon,bus,2-8-RUT:Line:25
10.73955,59.95127,Majorstuen - Lørenskog stasjon,bus,2-8-RUT:Line:25
10.73931,59.95127,Majorstuen - Lørenskog stasjon,bus,2-8-RUT:Line:25
10.73926,59.95127,Majorstuen - Lørenskog stasjon,bus,2-8-RUT:Line:25
10.73848,59.95124,Majorstuen - Lørenskog stasjon,bus,2-8-RUT:Line:25
10.73788,59.95121,Majorstuen - Lørenskog stasjon,bus,2-8-RUT:Line:25
10.73759,59.95118,Majorstuen - Lørenskog stasjon,bus,2-8-RUT:Line:25
10.73727,59.95114,Majorstuen - Lørenskog stasjon,bus,2-8-RUT:Line:25
10.73675,59.95104,Majorstuen - Lørenskog stasjon,bus,2-8-RUT:Line:25
10.73632,59.95094,Majorstuen - Lørenskog stasjon,bus,2-8-RUT:Line:25
10.73598,59.95087,Majorstuen - Lørenskog stasjon,bus,2-8-RUT:Line:25
10.73558,59.9508,Majorstuen - Lørenskog stasjon,bus,2-8-RUT:Line:25
10.73523,59.95072,Majorstuen - Lørenskog stasjon,bus,2-8-RUT:Line:25
10.73454,59.95057,Majorstuen - Lørenskog stasjon,bus,2-8-RUT:Line:25
10.73376,59.9504,Majorstuen - Lørenskog stasjon,bus,2-8-RUT:Line:25
10.73297,59.9502,Majorstuen - Lørenskog stasjon,bus,2-8-RUT:Line:25
10.7322,59.94999,Majorstuen - Lørenskog stasjon,bus,2-8-RUT:Line:25
10.73158,59.94982,Majorstuen - Lørenskog stasjon,bus,2-8-RUT:Line:25
10.7311,59.94974,Majorstuen - Lørenskog stasjon,bus,2-8-RUT:Line:25
10.73102,59.94974,Majorstuen - Lørenskog stasjon,bus,2-8-RUT:Line:25
10.73092,59.94975,Majorstuen - Lørenskog stasjon,bus,2-8-RUT:Line:25
10.73086,59.94977,Majorstuen - Lørenskog stasjon,bus,2-8-RUT:Line:25
10.7308,59.94978,Majorstuen - Lørenskog stasjon,bus,2-8-RUT:Line:25
10.73067,59.94984,Majorstuen - Lørenskog stasjon,bus,2-8-RUT:Line:25
10.73023,59.95013,Majorstuen - Lørenskog stasjon,bus,2-8-RUT:Line:25
10.73019,59.95021,Majorstuen - Lørenskog stasjon,bus,2-8-RUT:Line:25
10.73014,59.95024,Majorstuen - Lørenskog stasjon,bus,2-8-RUT:Line:25
10.73008,59.95028,Majorstuen - Lørenskog stasjon,bus,2-8-RUT:Line:25
10.72996,59.95032,Majorstuen - Lørenskog stasjon,bus,2-8-RUT:Line:25
10.72994,59.95034,Majorstuen - Lørenskog stasjon,bus,2-8-RUT:Line:25
10.72939,59.95072,Majorstuen - Lørenskog stasjon,bus,2-8-RUT:Line:25
10.72931,59.95077,Majorstuen - Lørenskog stasjon,bus,2-8-RUT:Line:25
10.72916,59.95088,Majorstuen - Lørenskog stasjon,bus,2-8-RUT:Line:25
10.72891,59.95105,Majorstuen - Lørenskog stasjon,bus,2-8-RUT:Line:25
10.72883,59.95111,Majorstuen - Lørenskog stasjon,bus,2-8-RUT:Line:25
10.72883,59.95111,Majorstuen - Lørenskog stasjon,bus,2-8-RUT:Line:25
10.75465,59.91002,R30x,rail,3-9-GJB:Line:R30x
10.75571,59.90978,R30x,rail,3-9-GJB:Line:R30x
10.75701,59.90947,R30x,rail,3-9-GJB:Line:R30x
10.75738,59.90938,R30x,rail,3-9-GJB:Line:R30x
10.75773,59.90929,R30x,rail,3-9-GJB:Line:R30x
10.75802,59.90923,R30x,rail,3-9-GJB:Line:R30x
10.75835,59.90916,R30x,rail,3-9-GJB:Line:R30x
10.75867,59.9091,R30x,rail,3-9-GJB:Line:R30x
10.75895,59.90906,R30x,rail,3-9-GJB:Line:R30x
10.75927,59.90901,R30x,rail,3-9-GJB:Line:R30x
10.75952,59.90898,R30x,rail,3-9-GJB:Line:R30x
10.75977,59.90895,R30x,rail,3-9-GJB:Line:R30x
10.76072,59.90884,R30x,rail,3-9-GJB:Line:R30x
10.7616,59.90874,R30x,rail,3-9-GJB:Line:R30x
10.76265,59.90862,R30x,rail,3-9-GJB:Line:R30x
10.76291,59.90858,R30x,rail,3-9-GJB:Line:R30x
10.76309,59.90854,R30x,rail,3-9-GJB:Line:R30x
10.76346,59.90848,R30x,rail,3-9-GJB:Line:R30x
10.76374,59.90845,R30x,rail,3-9-GJB:Line:R30x
10.76421,59.90839,R30x,rail,3-9-GJB:Line:R30x
10.76461,59.90834,R30x,rail,3-9-GJB:Line:R30x
10.76531,59.90826,R30x,rail,3-9-GJB:Line:R30x
10.76585,59.9082,R30x,rail,3-9-GJB:Line:R30x
10.76605,59.90818,R30x,rail,3-9-GJB:Line:R30x
10.76634,59.90814,R30x,rail,3-9-GJB:Line:R30x
10.76654,59.90812,R30x,rail,3-9-GJB:Line:R30x
10.76678,59.90808,R30x,rail,3-9-GJB:Line:R30x
10.7669,59.90807,R30x,rail,3-9-GJB:Line:R30x
10.76715,59.90803,R30x,rail,3-9-GJB:Line:R30x
10.76763,59.90794,R30x,rail,3-9-GJB:Line:R30x
10.76794,59.90789,R30x,rail,3-9-GJB:Line:R30x
10.76883,59.90773,R30x,rail,3-9-GJB:Line:R30x
10.76964,59.90759,R30x,rail,3-9-GJB:Line:R30x
10.76983,59.90756,R30x,rail,3-9-GJB:Line:R30x
10.77002,59.90754,R30x,rail,3-9-GJB:Line:R30x
10.77016,59.90752,R30x,rail,3-9-GJB:Line:R30x
10.77027,59.90751,R30x,rail,3-9-GJB:Line:R30x
10.77039,59.90749,R30x,rail,3-9-GJB:Line:R30x
10.77051,59.90747,R30x,rail,3-9-GJB:Line:R30x
10.77063,59.90745,R30x,rail,3-9-GJB:Line:R30x
10.77095,59.9074,R30x,rail,3-9-GJB:Line:R30x
10.77113,59.90737,R30x,rail,3-9-GJB:Line:R30x
10.77129,59.90735,R30x,rail,3-9-GJB:Line:R30x
10.77154,59.90732,R30x,rail,3-9-GJB:Line:R30x
10.77169,59.90731,R30x,rail,3-9-GJB:Line:R30x
10.77191,59.90727,R30x,rail,3-9-GJB:Line:R30x
10.77222,59.90722,R30x,rail,3-9-GJB:Line:R30x
10.77244,59.90717,R30x,rail,3-9-GJB:Line:R30x
10.77257,59.90715,R30x,rail,3-9-GJB:Line:R30x
10.77269,59.90712,R30x,rail,3-9-GJB:Line:R30x
10.77288,59.90707,R30x,rail,3-9-GJB:Line:R30x
10.77302,59.90704,R30x,rail,3-9-GJB:Line:R30x
10.77317,59.90701,R30x,rail,3-9-GJB:Line:R30x
10.77357,59.90694,R30x,rail,3-9-GJB:Line:R30x
10.77446,59.90679,R30x,rail,3-9-GJB:Line:R30x
10.77517,59.90666,R30x,rail,3-9-GJB:Line:R30x
10.77583,59.90655,R30x,rail,3-9-GJB:Line:R30x
10.7763,59.90647,R30x,rail,3-9-GJB:Line:R30x
10.77674,59.9064,R30x,rail,3-9-GJB:Line:R30x
10.77727,59.90632,R30x,rail,3-9-GJB:Line:R30x
10.77777,59.90625,R30x,rail,3-9-GJB:Line:R30x
10.77819,59.90619,R30x,rail,3-9-GJB:Line:R30x
10.77862,59.90614,R30x,rail,3-9-GJB:Line:R30x
10.77896,59.90609,R30x,rail,3-9-GJB:Line:R30x
10.77932,59.90605,R30x,rail,3-9-GJB:Line:R30x
10.77968,59.90601,R30x,rail,3-9-GJB:Line:R30x
10.78013,59.90596,R30x,rail,3-9-GJB:Line:R30x
10.7804,59.90593,R30x,rail,3-9-GJB:Line:R30x
10.78074,59.90589,R30x,rail,3-9-GJB:Line:R30x
10.78141,59.90582,R30x,rail,3-9-GJB:Line:R30x
10.78181,59.90579,R30x,rail,3-9-GJB:Line:R30x
10.78231,59.90574,R30x,rail,3-9-GJB:Line:R30x
10.78307,59.90568,R30x,rail,3-9-GJB:Line:R30x
10.78369,59.90562,R30x,rail,3-9-GJB:Line:R30x
10.78511,59.90551,R30x,rail,3-9-GJB:Line:R30x
10.78597,59.90543,R30x,rail,3-9-GJB:Line:R30x
10.78641,59.9054,R30x,rail,3-9-GJB:Line:R30x
10.78679,59.90536,R30x,rail,3-9-GJB:Line:R30x
10.78713,59.90534,R30x,rail,3-9-GJB:Line:R30x
10.78745,59.90532,R30x,rail,3-9-GJB:Line:R30x
10.78774,59.90531,R30x,rail,3-9-GJB:Line:R30x
10.78805,59.90529,R30x,rail,3-9-GJB:Line:R30x
10.78832,59.90528,R30x,rail,3-9-GJB:Line:R30x
10.78861,59.90528,R30x,rail,3-9-GJB:Line:R30x
10.78881,59.90527,R30x,rail,3-9-GJB:Line:R30x
10.78906,59.90527,R30x,rail,3-9-GJB:Line:R30x
10.78931,59.90527,R30x,rail,3-9-GJB:Line:R30x
10.78965,59.90528,R30x,rail,3-9-GJB:Line:R30x
10.79008,59.90529,R30x,rail,3-9-GJB:Line:R30x
10.79048,59.90531,R30x,rail,3-9-GJB:Line:R30x
10.79077,59.90532,R30x,rail,3-9-GJB:Line:R30x
10.79085,59.90533,R30x,rail,3-9-GJB:Line:R30x
10.79109,59.90534,R30x,rail,3-9-GJB:Line:R30x
10.79132,59.90536,R30x,rail,3-9-GJB:Line:R30x
10.7915,59.90538,R30x,rail,3-9-GJB:Line:R30x
10.79166,59.9054,R30x,rail,3-9-GJB:Line:R30x
10.79184,59.90543,R30x,rail,3-9-GJB:Line:R30x
10.79201,59.90545,R30x,rail,3-9-GJB:Line:R30x
10.79216,59.90548,R30x,rail,3-9-GJB:Line:R30x
10.79234,59.90551,R30x,rail,3-9-GJB:Line:R30x
10.79242,59.90552,R30x,rail,3-9-GJB:Line:R30x
10.79251,59.90554,R30x,rail,3-9-GJB:Line:R30x
10.79273,59.90559,R30x,rail,3-9-GJB:Line:R30x
10.79286,59.90563,R30x,rail,3-9-GJB:Line:R30x
10.79299,59.90566,R30x,rail,3-9-GJB:Line:R30x
10.79321,59.90573,R30x,rail,3-9-GJB:Line:R30x
10.79322,59.90574,R30x,rail,3-9-GJB:Line:R30x
10.79339,59.9058,R30x,rail,3-9-GJB:Line:R30x
10.79356,59.90586,R30x,rail,3-9-GJB:Line:R30x
10.79378,59.90596,R30x,rail,3-9-GJB:Line:R30x
10.79396,59.90605,R30x,rail,3-9-GJB:Line:R30x
10.79409,59.90612,R30x,rail,3-9-GJB:Line:R30x
10.79421,59.90619,R30x,rail,3-9-GJB:Line:R30x
10.79432,59.90626,R30x,rail,3-9-GJB:Line:R30x
10.79442,59.90633,R30x,rail,3-9-GJB:Line:R30x
10.79462,59.90649,R30x,rail,3-9-GJB:Line:R30x
10.79478,59.90664,R30x,rail,3-9-GJB:Line:R30x
10.79497,59.90689,R30x,rail,3-9-GJB:Line:R30x
10.79509,59.9071,R30x,rail,3-9-GJB:Line:R30x
10.79515,59.90726,R30x,rail,3-9-GJB:Line:R30x
10.79518,59.90744,R30x,rail,3-9-GJB:Line:R30x
10.79519,59.90758,R30x,rail,3-9-GJB:Line:R30x
10.79518,59.90774,R30x,rail,3-9-GJB:Line:R30x
10.79515,59.90791,R30x,rail,3-9-GJB:Line:R30x
10.79507,59.90812,R30x,rail,3-9-GJB:Line:R30x
10.79497,59.90834,R30x,rail,3-9-GJB:Line:R30x
10.79481,59.90853,R30x,rail,3-9-GJB:Line:R30x
10.79464,59.9087,R30x,rail,3-9-GJB:Line:R30x
10.79439,59.90889,R30x,rail,3-9-GJB:Line:R30x
10.79426,59.90897,R30x,rail,3-9-GJB:Line:R30x
10.79412,59.90905,R30x,rail,3-9-GJB:Line:R30x
10.79387,59.90918,R30x,rail,3-9-GJB:Line:R30x
10.79365,59.90929,R30x,rail,3-9-GJB:Line:R30x
10.79342,59.90939,R30x,rail,3-9-GJB:Line:R30x
10.79313,59.90951,R30x,rail,3-9-GJB:Line:R30x
10.79292,59.90959,R30x,rail,3-9-GJB:Line:R30x
10.79247,59.90978,R30x,rail,3-9-GJB:Line:R30x
10.79222,59.90989,R30x,rail,3-9-GJB:Line:R30x
10.79199,59.90999,R30x,rail,3-9-GJB:Line:R30x
10.79187,59.91005,R30x,rail,3-9-GJB:Line:R30x
10.79174,59.9101,R30x,rail,3-9-GJB:Line:R30x
10.7915,59.9102,R30x,rail,3-9-GJB:Line:R30x
10.79121,59.91032,R30x,rail,3-9-GJB:Line:R30x
10.79083,59.91047,R30x,rail,3-9-GJB:Line:R30x
10.79039,59.91066,R30x,rail,3-9-GJB:Line:R30x
10.78988,59.91088,R30x,rail,3-9-GJB:Line:R30x
10.78935,59.91114,R30x,rail,3-9-GJB:Line:R30x
10.78893,59.91134,R30x,rail,3-9-GJB:Line:R30x
10.78857,59.91152,R30x,rail,3-9-GJB:Line:R30x
10.7882,59.91172,R30x,rail,3-9-GJB:Line:R30x
10.78784,59.91192,R30x,rail,3-9-GJB:Line:R30x
10.78757,59.91208,R30x,rail,3-9-GJB:Line:R30x
10.78723,59.91229,R30x,rail,3-9-GJB:Line:R30x
10.78695,59.91247,R30x,rail,3-9-GJB:Line:R30x
10.78686,59.91253,R30x,rail,3-9-GJB:Line:R30x
10.78653,59.91276,R30x,rail,3-9-GJB:Line:R30x
10.78625,59.91297,R30x,rail,3-9-GJB:Line:R30x
10.78602,59.91314,R30x,rail,3-9-GJB:Line:R30x
10.78581,59.91331,R30x,rail,3-9-GJB:Line:R30x
10.78563,59.91345,R30x,rail,3-9-GJB:Line:R30x
10.78556,59.91351,R30x,rail,3-9-GJB:Line:R30x
10.78498,59.91398,R30x,rail,3-9-GJB:Line:R30x
10.78449,59.91437,R30x,rail,3-9-GJB:Line:R30x
10.78381,59.91491,R30x,rail,3-9-GJB:Line:R30x
10.78353,59.91515,R30x,rail,3-9-GJB:Line:R30x
10.78328,59.91537,R30x,rail,3-9-GJB:Line:R30x
10.7831,59.91553,R30x,rail,3-9-GJB:Line:R30x
10.78297,59.91566,R30x,rail,3-9-GJB:Line:R30x
10.78279,59.91584,R30x,rail,3-9-GJB:Line:R30x
10.78264,59.91601,R30x,rail,3-9-GJB:Line:R30x
10.78249,59.91618,R30x,rail,3-9-GJB:Line:R30x
10.78232,59.91638,R30x,rail,3-9-GJB:Line:R30x
10.7822,59.91654,R30x,rail,3-9-GJB:Line:R30x
10.78206,59.91673,R30x,rail,3-9-GJB:Line:R30x
10.78195,59.91689,R30x,rail,3-9-GJB:Line:R30x
10.78186,59.91703,R30x,rail,3-9-GJB:Line:R30x
10.78175,59.91723,R30x,rail,3-9-GJB:Line:R30x
10.78164,59.91742,R30x,rail,3-9-GJB:Line:R30x
10.78157,59.91759,R30x,rail,3-9-GJB:Line:R30x
10.78148,59.91777,R30x,rail,3-9-GJB:Line:R30x
10.78141,59.91794,R30x,rail,3-9-GJB:Line:R30x
10.78134,59.91813,R30x,rail,3-9-GJB:Line:R30x
10.7813,59.91827,R30x,rail,3-9-GJB:Line:R30x
10.78126,59.91839,R30x,rail,3-9-GJB:Line:R30x
10.78122,59.91857,R30x,rail,3-9-GJB:Line:R30x
10.78115,59.9188,R30x,rail,3-9-GJB:Line:R30x
10.78088,59.91989,R30x,rail,3-9-GJB:Line:R30x
10.78085,59.92,R30x,rail,3-9-GJB:Line:R30x
10.78072,59.9205,R30x,rail,3-9-GJB:Line:R30x
10.7806,59.92097,R30x,rail,3-9-GJB:Line:R30x
10.78048,59.92145,R30x,rail,3-9-GJB:Line:R30x
10.78043,59.92165,R30x,rail,3-9-GJB:Line:R30x
10.7804,59.92177,R30x,rail,3-9-GJB:Line:R30x
10.78039,59.92187,R30x,rail,3-9-GJB:Line:R30x
10.78038,59.92197,R30x,rail,3-9-GJB:Line:R30x
10.78038,59.92207,R30x,rail,3-9-GJB:Line:R30x
10.78038,59.92216,R30x,rail,3-9-GJB:Line:R30x
10.78039,59.92224,R30x,rail,3-9-GJB:Line:R30x
10.7804,59.92231,R30x,rail,3-9-GJB:Line:R30x
10.78041,59.92239,R30x,rail,3-9-GJB:Line:R30x
10.78043,59.92246,R30x,rail,3-9-GJB:Line:R30x
10.78045,59.92254,R30x,rail,3-9-GJB:Line:R30x
10.78048,59.92263,R30x,rail,3-9-GJB:Line:R30x
10.78052,59.92271,R30x,rail,3-9-GJB:Line:R30x
10.78056,59.92279,R30x,rail,3-9-GJB:Line:R30x
10.78061,59.92288,R30x,rail,3-9-GJB:Line:R30x
10.78066,59.92296,R30x,rail,3-9-GJB:Line:R30x
10.78072,59.92305,R30x,rail,3-9-GJB:Line:R30x
10.78079,59.92315,R30x,rail,3-9-GJB:Line:R30x
10.78086,59.92323,R30x,rail,3-9-GJB:Line:R30x
10.78093,59.92331,R30x,rail,3-9-GJB:Line:R30x
10.78101,59.92339,R30x,rail,3-9-GJB:Line:R30x
10.78116,59.92354,R30x,rail,3-9-GJB:Line:R30x
10.78154,59.9239,R30x,rail,3-9-GJB:Line:R30x
10.78168,59.92403,R30x,rail,3-9-GJB:Line:R30x
10.7818,59.92414,R30x,rail,3-9-GJB:Line:R30x
10.78193,59.92427,R30x,rail,3-9-GJB:Line:R30x
10.78203,59.92438,R30x,rail,3-9-GJB:Line:R30x
10.78212,59.92448,R30x,rail,3-9-GJB:Line:R30x
10.78219,59.92458,R30x,rail,3-9-GJB:Line:R30x
10.78229,59.9247,R30x,rail,3-9-GJB:Line:R30x
10.78243,59.92489,R30x,rail,3-9-GJB:Line:R30x
10.78251,59.92503,R30x,rail,3-9-GJB:Line:R30x
10.78258,59.92515,R30x,rail,3-9-GJB:Line:R30x
10.78264,59.92525,R30x,rail,3-9-GJB:Line:R30x
10.78269,59.92536,R30x,rail,3-9-GJB:Line:R30x
10.78276,59.92551,R30x,rail,3-9-GJB:Line:R30x
10.78282,59.92565,R30x,rail,3-9-GJB:Line:R30x
10.78289,59.92583,R30x,rail,3-9-GJB:Line:R30x
10.78301,59.92613,R30x,rail,3-9-GJB:Line:R30x
10.7835,59.92733,R30x,rail,3-9-GJB:Line:R30x
10.78394,59.92843,R30x,rail,3-9-GJB:Line:R30x
10.7844,59.92958,R30x,rail,3-9-GJB:Line:R30x
10.78464,59.93015,R30x,rail,3-9-GJB:Line:R30x
10.78474,59.93041,R30x,rail,3-9-GJB:Line:R30x
10.78479,59.93056,R30x,rail,3-9-GJB:Line:R30x
10.78482,59.93067,R30x,rail,3-9-GJB:Line:R30x
10.78485,59.93083,R30x,rail,3-9-GJB:Line:R30x
10.78488,59.93098,R30x,rail,3-9-GJB:Line:R30x
10.78488,59.93111,R30x,rail,3-9-GJB:Line:R30x
10.78488,59.93122,R30x,rail,3-9-GJB:Line:R30x
10.78487,59.93134,R30x,rail,3-9-GJB:Line:R30x
10.78485,59.93147,R30x,rail,3-9-GJB:Line:R30x
10.78482,59.93159,R30x,rail,3-9-GJB:Line:R30x
10.78479,59.93171,R30x,rail,3-9-GJB:Line:R30x
10.78475,59.93184,R30x,rail,3-9-GJB:Line:R30x
10.7847,59.93198,R30x,rail,3-9-GJB:Line:R30x
10.78456,59.93228,R30x,rail,3-9-GJB:Line:R30x
10.78448,59.93246,R30x,rail,3-9-GJB:Line:R30x
10.7843,59.93286,R30x,rail,3-9-GJB:Line:R30x
10.78402,59.93346,R30x,rail,3-9-GJB:Line:R30x
10.78395,59.93363,R30x,rail,3-9-GJB:Line:R30x
10.78366,59.93427,R30x,rail,3-9-GJB:Line:R30x
10.78341,59.93481,R30x,rail,3-9-GJB:Line:R30x
10.78318,59.93534,R30x,rail,3-9-GJB:Line:R30x
10.78299,59.93575,R30x,rail,3-9-GJB:Line:R30x
10.78275,59.93626,R30x,rail,3-9-GJB:Line:R30x
10.78246,59.93689,R30x,rail,3-9-GJB:Line:R30x
10.78221,59.93745,R30x,rail,3-9-GJB:Line:R30x
10.78211,59.93766,R30x,rail,3-9-GJB:Line:R30x
10.78189,59.93813,R30x,rail,3-9-GJB:Line:R30x
10.78182,59.93829,R30x,rail,3-9-GJB:Line:R30x
10.78154,59.93892,R30x,rail,3-9-GJB:Line:R30x
10.78144,59.93913,R30x,rail,3-9-GJB:Line:R30x
10.78128,59.9395,R30x,rail,3-9-GJB:Line:R30x
10.78114,59.93984,R30x,rail,3-9-GJB:Line:R30x
10.78101,59.94014,R30x,rail,3-9-GJB:Line:R30x
10.78089,59.9404,R30x,rail,3-9-GJB:Line:R30x
10.78075,59.94071,R30x,rail,3-9-GJB:Line:R30x
10.78051,59.94121,R30x,rail,3-9-GJB:Line:R30x
10.78033,59.94161,R30x,rail,3-9-GJB:Line:R30x
10.78033,59.94162,R30x,rail,3-9-GJB:Line:R30x
10.78031,59.94165,R30x,rail,3-9-GJB:Line:R30x
10.78015,59.942,R30x,rail,3-9-GJB:Line:R30x
10.78007,59.94218,R30x,rail,3-9-GJB:Line:R30x
10.78002,59.94227,R30x,rail,3-9-GJB:Line:R30x
10.77998,59.94235,R30x,rail,3-9-GJB:Line:R30x
10.77992,59.94243,R30x,rail,3-9-GJB:Line:R30x
10.77988,59.9425,R30x,rail,3-9-GJB:Line:R30x
10.77978,59.94264,R30x,rail,3-9-GJB:Line:R30x
10.77974,59.9427,R30x,rail,3-9-GJB:Line:R30x
10.7797,59.94277,R30x,rail,3-9-GJB:Line:R30x
10.77967,59.94282,R30x,rail,3-9-GJB:Line:R30x
10.77934,59.94354,R30x,rail,3-9-GJB:Line:R30x
10.77912,59.94403,R30x,rail,3-9-GJB:Line:R30x
10.77883,59.94466,R30x,rail,3-9-GJB:Line:R30x
10.77864,59.94508,R30x,rail,3-9-GJB:Line:R30x
10.77847,59.94544,R30x,rail,3-9-GJB:Line:R30x
10.77824,59.94596,R30x,rail,3-9-GJB:Line:R30x
10.77793,59.94663,R30x,rail,3-9-GJB:Line:R30x
10.7778,59.94691,R30x,rail,3-9-GJB:Line:R30x
10.7777,59.94713,R30x,rail,3-9-GJB:Line:R30x
10.77761,59.94732,R30x,rail,3-9-GJB:Line:R30x
10.77754,59.94749,R30x,rail,3-9-GJB:Line:R30x
10.77747,59.94765,R30x,rail,3-9-GJB:Line:R30x
10.77742,59.9478,R30x,rail,3-9-GJB:Line:R30x
10.77735,59.94798,R30x,rail,3-9-GJB:Line:R30x
10.7773,59.94815,R30x,rail,3-9-GJB:Line:R30x
10.77726,59.94827,R30x,rail,3-9-GJB:Line:R30x
10.77722,59.94843,R30x,rail,3-9-GJB:Line:R30x
10.77719,59.94855,R30x,rail,3-9-GJB:Line:R30x
10.77715,59.94873,R30x,rail,3-9-GJB:Line:R30x
10.77705,59.94921,R30x,rail,3-9-GJB:Line:R30x
10.777,59.94941,R30x,rail,3-9-GJB:Line:R30x
10.77695,59.94959,R30x,rail,3-9-GJB:Line:R30x
10.7769,59.94971,R30x,rail,3-9-GJB:Line:R30x
10.77682,59.94986,R30x,rail,3-9-GJB:Line:R30x
10.77672,59.95002,R30x,rail,3-9-GJB:Line:R30x
10.77661,59.95015,R30x,rail,3-9-GJB:Line:R30x
10.77649,59.95027,R30x,rail,3-9-GJB:Line:R30x
10.77634,59.95039,R30x,rail,3-9-GJB:Line:R30x
10.77623,59.95048,R30x,rail,3-9-GJB:Line:R30x
10.77606,59.9506,R30x,rail,3-9-GJB:Line:R30x
10.7759,59.95069,R30x,rail,3-9-GJB:Line:R30x
10.77573,59.95079,R30x,rail,3-9-GJB:Line:R30x
10.77553,59.95088,R30x,rail,3-9-GJB:Line:R30x
10.77531,59.95097,R30x,rail,3-9-GJB:Line:R30x
10.77514,59.95103,R30x,rail,3-9-GJB:Line:R30x
10.77498,59.95109,R30x,rail,3-9-GJB:Line:R30x
10.77482,59.95114,R30x,rail,3-9-GJB:Line:R30x
10.77461,59.9512,R30x,rail,3-9-GJB:Line:R30x
10.77438,59.95125,R30x,rail,3-9-GJB:Line:R30x
10.77411,59.95131,R30x,rail,3-9-GJB:Line:R30x
10.77384,59.95136,R30x,rail,3-9-GJB:Line:R30x
10.77354,59.95141,R30x,rail,3-9-GJB:Line:R30x
10.77208,59.95167,R30x,rail,3-9-GJB:Line:R30x
10.77177,59.95172,R30x,rail,3-9-GJB:Line:R30x
10.77177,59.95172,R30x,rail,3-9-GJB:Line:R30x
10.77064,59.95192,R30x,rail,3-9-GJB:Line:R30x
10.77029,59.95198,R30x,rail,3-9-GJB:Line:R30x
10.77005,59.95203,R30x,rail,3-9-GJB:Line:R30x
10.76979,59.9521,R30x,rail,3-9-GJB:Line:R30x
10.76957,59.95216,R30x,rail,3-9-GJB:Line:R30x
10.76935,59.95223,R30x,rail,3-9-GJB:Line:R30x
10.76916,59.95229,R30x,rail,3-9-GJB:Line:R30x
10.76892,59.95239,R30x,rail,3-9-GJB:Line:R30x
10.76883,59.95242,R30x,rail,3-9-GJB:Line:R30x
10.76864,59.9525,R30x,rail,3-9-GJB:Line:R30x
10.76851,59.95257,R30x,rail,3-9-GJB:Line:R30x
10.76835,59.95265,R30x,rail,3-9-GJB:Line:R30x
10.76823,59.95272,R30x,rail,3-9-GJB:Line:R30x
10.76812,59.95278,R30x,rail,3-9-GJB:Line:R30x
10.76802,59.95285,R30x,rail,3-9-GJB:Line:R30x
10.7679,59.95293,R30x,rail,3-9-GJB:Line:R30x
10.76779,59.95301,R30x,rail,3-9-GJB:Line:R30x
10.76771,59.95307,R30x,rail,3-9-GJB:Line:R30x
10.76763,59.95314,R30x,rail,3-9-GJB:Line:R30x
10.76755,59.95322,R30x,rail,3-9-GJB:Line:R30x
10.76746,59.95331,R30x,rail,3-9-GJB:Line:R30x
10.76737,59.9534,R30x,rail,3-9-GJB:Line:R30x
10.76729,59.9535,R30x,rail,3-9-GJB:Line:R30x
10.76722,59.95359,R30x,rail,3-9-GJB:Line:R30x
10.76718,59.95365,R30x,rail,3-9-GJB:Line:R30x
10.76713,59.95373,R30x,rail,3-9-GJB:Line:R30x
10.76709,59.95381,R30x,rail,3-9-GJB:Line:R30x
10.76706,59.95386,R30x,rail,3-9-GJB:Line:R30x
10.76701,59.95398,R30x,rail,3-9-GJB:Line:R30x
10.76698,59.95406,R30x,rail,3-9-GJB:Line:R30x
10.76696,59.95414,R30x,rail,3-9-GJB:Line:R30x
10.76694,59.95423,R30x,rail,3-9-GJB:Line:R30x
10.76693,59.9543,R30x,rail,3-9-GJB:Line:R30x
10.76692,59.95437,R30x,rail,3-9-GJB:Line:R30x
10.76692,59.95445,R30x,rail,3-9-GJB:Line:R30x
10.76692,59.95454,R30x,rail,3-9-GJB:Line:R30x
10.76693,59.95464,R30x,rail,3-9-GJB:Line:R30x
10.76694,59.95472,R30x,rail,3-9-GJB:Line:R30x
10.76697,59.95482,R30x,rail,3-9-GJB:Line:R30x
10.767,59.95494,R30x,rail,3-9-GJB:Line:R30x
10.76704,59.95506,R30x,rail,3-9-GJB:Line:R30x
10.76715,59.95538,R30x,rail,3-9-GJB:Line:R30x
10.76719,59.9555,R30x,rail,3-9-GJB:Line:R30x
10.76722,59.95561,R30x,rail,3-9-GJB:Line:R30x
10.76724,59.95575,R30x,rail,3-9-GJB:Line:R30x
10.76725,59.95585,R30x,rail,3-9-GJB:Line:R30x
10.76725,59.95595,R30x,rail,3-9-GJB:Line:R30x
10.76725,59.95607,R30x,rail,3-9-GJB:Line:R30x
10.76723,59.95617,R30x,rail,3-9-GJB:Line:R30x
10.7672,59.95628,R30x,rail,3-9-GJB:Line:R30x
10.76717,59.95639,R30x,rail,3-9-GJB:Line:R30x
10.76713,59.95651,R30x,rail,3-9-GJB:Line:R30x
10.76698,59.95686,R30x,rail,3-9-GJB:Line:R30x
10.76694,59.95697,R30x,rail,3-9-GJB:Line:R30x
10.7669,59.95708,R30x,rail,3-9-GJB:Line:R30x
10.76687,59.95719,R30x,rail,3-9-GJB:Line:R30x
10.76684,59.95732,R30x,rail,3-9-GJB:Line:R30x
10.76684,59.95745,R30x,rail,3-9-GJB:Line:R30x
10.76684,59.95755,R30x,rail,3-9-GJB:Line:R30x
10.76686,59.95769,R30x,rail,3-9-GJB:Line:R30x
10.7669,59.95783,R30x,rail,3-9-GJB:Line:R30x
10.76694,59.95796,R30x,rail,3-9-GJB:Line:R30x
10.767,59.95807,R30x,rail,3-9-GJB:Line:R30x
10.7671,59.95822,R30x,rail,3-9-GJB:Line:R30x
10.76719,59.95834,R30x,rail,3-9-GJB:Line:R30x
10.7673,59.95847,R30x,rail,3-9-GJB:Line:R30x
10.76746,59.95861,R30x,rail,3-9-GJB:Line:R30x
10.76758,59.95871,R30x,rail,3-9-GJB:Line:R30x
10.76773,59.95881,R30x,rail,3-9-GJB:Line:R30x
10.76792,59.95893,R30x,rail,3-9-GJB:Line:R30x
10.76807,59.95901,R30x,rail,3-9-GJB:Line:R30x
10.76823,59.95909,R30x,rail,3-9-GJB:Line:R30x
10.76842,59.95917,R30x,rail,3-9-GJB:Line:R30x
10.7686,59.95924,R30x,rail,3-9-GJB:Line:R30x
10.76879,59.95931,R30x,rail,3-9-GJB:Line:R30x
10.76904,59.9594,R30x,rail,3-9-GJB:Line:R30x
10.76966,59.95959,R30x,rail,3-9-GJB:Line:R30x
10.7699,59.95966,R30x,rail,3-9-GJB:Line:R30x
10.77017,59.95975,R30x,rail,3-9-GJB:Line:R30x
10.77044,59.95985,R30x,rail,3-9-GJB:Line:R30x
10.77068,59.95995,R30x,rail,3-9-GJB:Line:R30x
10.77094,59.96006,R30x,rail,3-9-GJB:Line:R30x
10.77121,59.9602,R30x,rail,3-9-GJB:Line:R30x
10.77141,59.96031,R30x,rail,3-9-GJB:Line:R30x
10.77164,59.96045,R30x,rail,3-9-GJB:Line:R30x
10.77181,59.96056,R30x,rail,3-9-GJB:Line:R30x
10.77214,59.96079,R30x,rail,3-9-GJB:Line:R30x
10.77285,59.96129,R30x,rail,3-9-GJB:Line:R30x
10.77304,59.96141,R30x,rail,3-9-GJB:Line:R30x
10.77403,59.9621,R30x,rail,3-9-GJB:Line:R30x
10.77518,59.9629,R30x,rail,3-9-GJB:Line:R30x
10.77553,59.96315,R30x,rail,3-9-GJB:Line:R30x
10.77595,59.96344,R30x,rail,3-9-GJB:Line:R30x
10.77621,59.9636,R30x,rail,3-9-GJB:Line:R30x
10.77655,59.96381,R30x,rail,3-9-GJB:Line:R30x
10.77688,59.964,R30x,rail,3-9-GJB:Line:R30x
10.7772,59.96417,R30x,rail,3-9-GJB:Line:R30x
10.77748,59.96431,R30x,rail,3-9-GJB:Line:R30x
10.77773,59.96443,R30x,rail,3-9-GJB:Line:R30x
10.77795,59.96453,R30x,rail,3-9-GJB:Line:R30x
10.77817,59.96462,R30x,rail,3-9-GJB:Line:R30x
10.77841,59.96472,R30x,rail,3-9-GJB:Line:R30x
10.77869,59.96483,R30x,rail,3-9-GJB:Line:R30x
10.77896,59.96493,R30x,rail,3-9-GJB:Line:R30x
10.77924,59.96503,R30x,rail,3-9-GJB:Line:R30x
10.77956,59.96514,R30x,rail,3-9-GJB:Line:R30x
10.78005,59.9653,R30x,rail,3-9-GJB:Line:R30x
10.78037,59.96539,R30x,rail,3-9-GJB:Line:R30x
10.781,59.96557,R30x,rail,3-9-GJB:Line:R30x
10.78134,59.96567,R30x,rail,3-9-GJB:Line:R30x
10.7817,59.96578,R30x,rail,3-9-GJB:Line:R30x
10.78247,59.966,R30x,rail,3-9-GJB:Line:R30x
10.7829,59.96612,R30x,rail,3-9-GJB:Line:R30x
10.78292,59.9661,Kjelsås stasjon - Kjelsås stasjon,foot,3-10-0
10.78292,59.9661,Kjelsås stasjon - Kjelsås stasjon,foot,3-10-0
10.78292,59.9661,Kjelsås stasjon - Kjelsås stasjon,foot,3-10-0
10.78226,59.96588,Kjelsås stasjon - Kjelsås stasjon,foot,3-10-0
10.78226,59.96588,Kjelsås stasjon - Kjelsås stasjon,foot,3-10-0
10.78228,59.96587,Kjelsås stasjon - Kjelsås stasjon,foot,3-10-0
10.78228,59.96587,Kjelsås stasjon - Kjelsås stasjon,foot,3-10-0
10.78214,59.96583,Kjelsås stasjon - Kjelsås stasjon,foot,3-10-0
10.78214,59.96583,Kjelsås stasjon - Kjelsås stasjon,foot,3-10-0
10.78192,59.96574,Kjelsås stasjon - Kjelsås stasjon,foot,3-10-0
10.78192,59.96574,Kjelsås stasjon - Kjelsås stasjon,foot,3-10-0
10.78192,59.96574,Kjelsås stasjon - Kjelsås stasjon,foot,3-10-0
10.78195,59.96571,Majorstuen - Lørenskog stasjon,bus,3-11-RUT:Line:25
10.78195,59.96571,Majorstuen - Lørenskog stasjon,bus,3-11-RUT:Line:25
10.78191,59.96569,Majorstuen - Lørenskog stasjon,bus,3-11-RUT:Line:25
10.78189,59.96567,Majorstuen - Lørenskog stasjon,bus,3-11-RUT:Line:25
10.78188,59.96565,Majorstuen - Lørenskog stasjon,bus,3-11-RUT:Line:25
10.78189,59.96558,Majorstuen - Lørenskog stasjon,bus,3-11-RUT:Line:25
10.78189,59.96557,Majorstuen - Lørenskog stasjon,bus,3-11-RUT:Line:25
10.78189,59.96551,Majorstuen - Lørenskog stasjon,bus,3-11-RUT:Line:25
10.78191,59.96548,Majorstuen - Lørenskog stasjon,bus,3-11-RUT:Line:25
10.78194,59.96544,Majorstuen - Lørenskog stasjon,bus,3-11-RUT:Line:25
10.78167,59.96536,Majorstuen - Lørenskog stasjon,bus,3-11-RUT:Line:25
10.78157,59.96533,Majorstuen - Lørenskog stasjon,bus,3-11-RUT:Line:25
10.78156,59.96533,Majorstuen - Lørenskog stasjon,bus,3-11-RUT:Line:25
10.78128,59.96553,Majorstuen - Lørenskog stasjon,bus,3-11-RUT:Line:25
10.78096,59.96574,Majorstuen - Lørenskog stasjon,bus,3-11-RUT:Line:25
10.78085,59.96581,Majorstuen - Lørenskog stasjon,bus,3-11-RUT:Line:25
10.78076,59.96586,Majorstuen - Lørenskog stasjon,bus,3-11-RUT:Line:25
10.78075,59.96587,Majorstuen - Lørenskog stasjon,bus,3-11-RUT:Line:25
10.78064,59.96591,Majorstuen - Lørenskog stasjon,bus,3-11-RUT:Line:25
10.78052,59.96595,Majorstuen - Lørenskog stasjon,bus,3-11-RUT:Line:25
10.78041,59.96598,Majorstuen - Lørenskog stasjon,bus,3-11-RUT:Line:25
10.78029,59.966,Majorstuen - Lørenskog stasjon,bus,3-11-RUT:Line:25
10.78015,59.96601,Majorstuen - Lørenskog stasjon,bus,3-11-RUT:Line:25
10.78001,59.96601,Majorstuen - Lørenskog stasjon,bus,3-11-RUT:Line:25
10.77984,59.966,Majorstuen - Lørenskog stasjon,bus,3-11-RUT:Line:25
10.77965,59.96597,Majorstuen - Lørenskog stasjon,bus,3-11-RUT:Line:25
10.77947,59.96594,Majorstuen - Lørenskog stasjon,bus,3-11-RUT:Line:25
10.77867,59.96579,Majorstuen - Lørenskog stasjon,bus,3-11-RUT:Line:25
10.7785,59.96576,Majorstuen - Lørenskog stasjon,bus,3-11-RUT:Line:25
10.77839,59.96575,Majorstuen - Lørenskog stasjon,bus,3-11-RUT:Line:25
10.77825,59.96574,Majorstuen - Lørenskog stasjon,bus,3-11-RUT:Line:25
10.7781,59.96575,Majorstuen - Lørenskog stasjon,bus,3-11-RUT:Line:25
10.778,59.96576,Majorstuen - Lørenskog stasjon,bus,3-11-RUT:Line:25
10.77795,59.96577,Majorstuen - Lørenskog stasjon,bus,3-11-RUT:Line:25
10.77792,59.96578,Majorstuen - Lørenskog stasjon,bus,3-11-RUT:Line:25
10.77783,59.9658,Majorstuen - Lørenskog stasjon,bus,3-11-RUT:Line:25
10.77763,59.96586,Majorstuen - Lørenskog stasjon,bus,3-11-RUT:Line:25
10.77733,59.96598,Majorstuen - Lørenskog stasjon,bus,3-11-RUT:Line:25
10.77725,59.96601,Majorstuen - Lørenskog stasjon,bus,3-11-RUT:Line:25
10.77713,59.96605,Majorstuen - Lørenskog stasjon,bus,3-11-RUT:Line:25
10.77698,59.9661,Majorstuen - Lørenskog stasjon,bus,3-11-RUT:Line:25
10.77681,59.96614,Majorstuen - Lørenskog stasjon,bus,3-11-RUT:Line:25
10.77612,59.9663,Majorstuen - Lørenskog stasjon,bus,3-11-RUT:Line:25
10.77586,59.96636,Majorstuen - Lørenskog stasjon,bus,3-11-RUT:Line:25
10.7758,59.96638,Majorstuen - Lørenskog stasjon,bus,3-11-RUT:Line:25
10.77576,59.96638,Majorstuen - Lørenskog stasjon,bus,3-11-RUT:Line:25
10.77524,59.96651,Majorstuen - Lørenskog stasjon,bus,3-11-RUT:Line:25
10.77432,59.96671,Majorstuen - Lørenskog stasjon,bus,3-11-RUT:Line:25
10.77389,59.96681,Majorstuen - Lørenskog stasjon,bus,3-11-RUT:Line:25
10.77359,59.96687,Majorstuen - Lørenskog stasjon,bus,3-11-RUT:Line:25
10.77347,59.9669,Majorstuen - Lørenskog stasjon,bus,3-11-RUT:Line:25
10.77336,59.96694,Majorstuen - Lørenskog stasjon,bus,3-11-RUT:Line:25
10.77329,59.96686,Majorstuen - Lørenskog stasjon,bus,3-11-RUT:Line:25
10.77309,59.96665,Majorstuen - Lørenskog stasjon,bus,3-11-RUT:Line:25
10.77258,59.9661,Majorstuen - Lørenskog stasjon,bus,3-11-RUT:Line:25
10.77208,59.96556,Majorstuen - Lørenskog stasjon,bus,3-11-RUT:Line:25
10.77149,59.96493,Majorstuen - Lørenskog stasjon,bus,3-11-RUT:Line:25
10.77083,59.96421,Majorstuen - Lørenskog stasjon,bus,3-11-RUT:Line:25
10.77057,59.96394,Majorstuen - Lørenskog stasjon,bus,3-11-RUT:Line:25
10.77043,59.96379,Majorstuen - Lørenskog stasjon,bus,3-11-RUT:Line:25
10.77034,59.96371,Majorstuen - Lørenskog stasjon,bus,3-11-RUT:Line:25
10.77021,59.96361,Majorstuen - Lørenskog stasjon,bus,3-11-RUT:Line:25
10.7701,59.96352,Majorstuen - Lørenskog stasjon,bus,3-11-RUT:Line:25
10.76993,59.9634,Majorstuen - Lørenskog stasjon,bus,3-11-RUT:Line:25
10.76976,59.96327,Majorstuen - Lørenskog stasjon,bus,3-11-RUT:Line:25
10.76968,59.9632,Majorstuen - Lørenskog stasjon,bus,3-11-RUT:Line:25
10.76967,59.9632,Majorstuen - Lørenskog stasjon,bus,3-11-RUT:Line:25
10.76966,59.96319,Majorstuen - Lørenskog stasjon,bus,3-11-RUT:Line:25
10.76959,59.96313,Majorstuen - Lørenskog stasjon,bus,3-11-RUT:Line:25
10.76952,59.96305,Majorstuen - Lørenskog stasjon,bus,3-11-RUT:Line:25
10.76948,59.96301,Majorstuen - Lørenskog stasjon,bus,3-11-RUT:Line:25
10.76941,59.96289,Majorstuen - Lørenskog stasjon,bus,3-11-RUT:Line:25
10.76936,59.96281,Majorstuen - Lørenskog stasjon,bus,3-11-RUT:Line:25
10.7693,59.96266,Majorstuen - Lørenskog stasjon,bus,3-11-RUT:Line:25
10.76926,59.96258,Majorstuen - Lørenskog stasjon,bus,3-11-RUT:Line:25
10.76921,59.96247,Majorstuen - Lørenskog stasjon,bus,3-11-RUT:Line:25
10.76915,59.96237,Majorstuen - Lørenskog stasjon,bus,3-11-RUT:Line:25
10.76909,59.96227,Majorstuen - Lørenskog stasjon,bus,3-11-RUT:Line:25
10.76901,59.96218,Majorstuen - Lørenskog stasjon,bus,3-11-RUT:Line:25
10.76894,59.9621,Majorstuen - Lørenskog stasjon,bus,3-11-RUT:Line:25
10.76885,59.962,Majorstuen - Lørenskog stasjon,bus,3-11-RUT:Line:25
10.76874,59.9619,Majorstuen - Lørenskog stasjon,bus,3-11-RUT:Line:25
10.76862,59.9618,Majorstuen - Lørenskog stasjon,bus,3-11-RUT:Line:25
10.76833,59.96156,Majorstuen - Lørenskog stasjon,bus,3-11-RUT:Line:25
10.76808,59.96135,Majorstuen - Lørenskog stasjon,bus,3-11-RUT:Line:25
10.76806,59.96134,Majorstuen - Lørenskog stasjon,bus,3-11-RUT:Line:25
10.76746,59.96083,Majorstuen - Lørenskog stasjon,bus,3-11-RUT:Line:25
10.76726,59.96067,Majorstuen - Lørenskog stasjon,bus,3-11-RUT:Line:25
10.76715,59.96058,Majorstuen - Lørenskog stasjon,bus,3-11-RUT:Line:25
10.76703,59.96049,Majorstuen - Lørenskog stasjon,bus,3-11-RUT:Line:25
10.76693,59.96042,Majorstuen - Lørenskog stasjon,bus,3-11-RUT:Line:25
10.76682,59.96035,Majorstuen - Lørenskog stasjon,bus,3-11-RUT:Line:25
10.76668,59.96027,Majorstuen - Lørenskog stasjon,bus,3-11-RUT:Line:25
10.76638,59.96012,Majorstuen - Lørenskog stasjon,bus,3-11-RUT:Line:25
10.76558,59.95973,Majorstuen - Lørenskog stasjon,bus,3-11-RUT:Line:25
10.76547,59.95968,Majorstuen - Lørenskog stasjon,bus,3-11-RUT:Line:25
10.76536,59.95964,Majorstuen - Lørenskog stasjon,bus,3-11-RUT:Line:25
10.76525,59.9596,Majorstuen - Lørenskog stasjon,bus,3-11-RUT:Line:25
10.7651,59.95957,Majorstuen - Lørenskog stasjon,bus,3-11-RUT:Line:25
10.76498,59.95954,Majorstuen - Lørenskog stasjon,bus,3-11-RUT:Line:25
10.7647,59.95949,Majorstuen - Lørenskog stasjon,bus,3-11-RUT:Line:25
10.76455,59.95947,Majorstuen - Lørenskog stasjon,bus,3-11-RUT:Line:25
10.76442,59.95946,Majorstuen - Lørenskog stasjon,bus,3-11-RUT:Line:25
10.76431,59.95945,Majorstuen - Lørenskog stasjon,bus,3-11-RUT:Line:25
10.76422,59.95945,Majorstuen - Lørenskog stasjon,bus,3-11-RUT:Line:25
10.76418,59.95931,Majorstuen - Lørenskog stasjon,bus,3-11-RUT:Line:25
10.76414,59.9592,Majorstuen - Lørenskog stasjon,bus,3-11-RUT:Line:25
10.76408,59.95906,Majorstuen - Lørenskog stasjon,bus,3-11-RUT:Line:25
10.76398,59.95885,Majorstuen - Lørenskog stasjon,bus,3-11-RUT:Line:25
10.76379,59.95844,Majorstuen - Lørenskog stasjon,bus,3-11-RUT:Line:25
10.76374,59.95834,Majorstuen - Lørenskog stasjon,bus,3-11-RUT:Line:25
10.76371,59.95823,Majorstuen - Lørenskog stasjon,bus,3-11-RUT:Line:25
10.76369,59.95811,Majorstuen - Lørenskog stasjon,bus,3-11-RUT:Line:25
10.76339,59.95811,Majorstuen - Lørenskog stasjon,bus,3-11-RUT:Line:25
10.763,59.95809,Majorstuen - Lørenskog stasjon,bus,3-11-RUT:Line:25
10.76277,59.95809,Majorstuen - Lørenskog stasjon,bus,3-11-RUT:Line:25
10.7624,59.95807,Majorstuen - Lørenskog stasjon,bus,3-11-RUT:Line:25
10.7624,59.95807,Majorstuen - Lørenskog stasjon,bus,3-11-RUT:Line:25
10.7622,59.95807,Majorstuen - Lørenskog stasjon,bus,3-11-RUT:Line:25
10.76201,59.95807,Majorstuen - Lørenskog stasjon,bus,3-11-RUT:Line:25
10.76182,59.95808,Majorstuen - Lørenskog stasjon,bus,3-11-RUT:Line:25
10.76147,59.95809,Majorstuen - Lørenskog stasjon,bus,3-11-RUT:Line:25
10.76105,59.95811,Majorstuen - Lørenskog stasjon,bus,3-11-RUT:Line:25
10.76068,59.95813,Majorstuen - Lørenskog stasjon,bus,3-11-RUT:Line:25
10.76048,59.95814,Majorstuen - Lørenskog stasjon,bus,3-11-RUT:Line:25
10.76021,59.95816,Majorstuen - Lørenskog stasjon,bus,3-11-RUT:Line:25
10.75977,59.95819,Majorstuen - Lørenskog stasjon,bus,3-11-RUT:Line:25
10.75936,59.95823,Majorstuen - Lørenskog stasjon,bus,3-11-RUT:Line:25
10.75907,59.95825,Majorstuen - Lørenskog stasjon,bus,3-11-RUT:Line:25
10.75885,59.95828,Majorstuen - Lørenskog stasjon,bus,3-11-RUT:Line:25
10.75856,59.95831,Majorstuen - Lørenskog stasjon,bus,3-11-RUT:Line:25
10.75832,59.95834,Majorstuen - Lørenskog stasjon,bus,3-11-RUT:Line:25
10.75812,59.95837,Majorstuen - Lørenskog stasjon,bus,3-11-RUT:Line:25
10.75797,59.9584,Majorstuen - Lørenskog stasjon,bus,3-11-RUT:Line:25
10.75778,59.95844,Majorstuen - Lørenskog stasjon,bus,3-11-RUT:Line:25
10.75764,59.95847,Majorstuen - Lørenskog stasjon,bus,3-11-RUT:Line:25
10.75742,59.95852,Majorstuen - Lørenskog stasjon,bus,3-11-RUT:Line:25
10.75719,59.95857,Majorstuen - Lørenskog stasjon,bus,3-11-RUT:Line:25
10.75701,59.95862,Majorstuen - Lørenskog stasjon,bus,3-11-RUT:Line:25
10.75678,59.95868,Majorstuen - Lørenskog stasjon,bus,3-11-RUT:Line:25
10.75627,59.95883,Majorstuen - Lørenskog stasjon,bus,3-11-RUT:Line:25
10.75611,59.95888,Majorstuen - Lørenskog stasjon,bus,3-11-RUT:Line:25
10.75594,59.95892,Majorstuen - Lørenskog stasjon,bus,3-11-RUT:Line:25
10.75582,59.95895,Majorstuen - Lørenskog stasjon,bus,3-11-RUT:Line:25
10.75574,59.95897,Majorstuen - Lørenskog stasjon,bus,3-11-RUT:Line:25
10.75557,59.95901,Majorstuen - Lørenskog stasjon,bus,3-11-RUT:Line:25
10.75536,59.95905,Majorstuen - Lørenskog stasjon,bus,3-11-RUT:Line:25
10.75513,59.95908,Majorstuen - Lørenskog stasjon,bus,3-11-RUT:Line:25
10.75497,59.95911,Majorstuen - Lørenskog stasjon,bus,3-11-RUT:Line:25
10.75484,59.95913,Majorstuen - Lørenskog stasjon,bus,3-11-RUT:Line:25
10.75415,59.95923,Majorstuen - Lørenskog stasjon,bus,3-11-RUT:Line:25
10.75376,59.95929,Majorstuen - Lørenskog stasjon,bus,3-11-RUT:Line:25
10.75358,59.95933,Majorstuen - Lørenskog stasjon,bus,3-11-RUT:Line:25
10.7534,59.95936,Majorstuen - Lørenskog stasjon,bus,3-11-RUT:Line:25
10.75324,59.95939,Majorstuen - Lørenskog stasjon,bus,3-11-RUT:Line:25
10.75304,59.95943,Majorstuen - Lørenskog stasjon,bus,3-11-RUT:Line:25
10.75282,59.95948,Majorstuen - Lørenskog stasjon,bus,3-11-RUT:Line:25
10.75265,59.95952,Majorstuen - Lørenskog stasjon,bus,3-11-RUT:Line:25
10.75247,59.95957,Majorstuen - Lørenskog stasjon,bus,3-11-RUT:Line:25
10.75232,59.95961,Majorstuen - Lørenskog stasjon,bus,3-11-RUT:Line:25
10.75217,59.95967,Majorstuen - Lørenskog stasjon,bus,3-11-RUT:Line:25
10.75201,59.95972,Majorstuen - Lørenskog stasjon,bus,3-11-RUT:Line:25
10.75182,59.9598,Majorstuen - Lørenskog stasjon,bus,3-11-RUT:Line:25
10.75164,59.95987,Majorstuen - Lørenskog stasjon,bus,3-11-RUT:Line:25
10.75114,59.96008,Majorstuen - Lørenskog stasjon,bus,3-11-RUT:Line:25
10.75092,59.96017,Majorstuen - Lørenskog stasjon,bus,3-11-RUT:Line:25
10.75066,59.96027,Majorstuen - Lørenskog stasjon,bus,3-11-RUT:Line:25
10.75039,59.96036,Majorstuen - Lørenskog stasjon,bus,3-11-RUT:Line:25
10.7501,59.96045,Majorstuen - Lørenskog stasjon,bus,3-11-RUT:Line:25
10.74986,59.96051,Majorstuen - Lørenskog stasjon,bus,3-11-RUT:Line:25
10.74968,59.96056,Majorstuen - Lørenskog stasjon,bus,3-11-RUT:Line:25
10.74951,59.9606,Majorstuen - Lørenskog stasjon,bus,3-11-RUT:Line:25
10.74928,59.96065,Majorstuen - Lørenskog stasjon,bus,3-11-RUT:Line:25
10.74897,59.96072,Majorstuen - Lørenskog stasjon,bus,3-11-RUT:Line:25
10.74861,59.96079,Majorstuen - Lørenskog stasjon,bus,3-11-RUT:Line:25
10.74833,59.96084,Majorstuen - Lørenskog stasjon,bus,3-11-RUT:Line:25
10.74804,59.96089,Majorstuen - Lørenskog stasjon,bus,3-11-RUT:Line:25
10.74791,59.96092,Majorstuen - Lørenskog stasjon,bus,3-11-RUT:Line:25
10.74771,59.96095,Majorstuen - Lørenskog stasjon,bus,3-11-RUT:Line:25
10.74735,59.96101,Majorstuen - Lørenskog stasjon,bus,3-11-RUT:Line:25
10.747,59.96106,Majorstuen - Lørenskog stasjon,bus,3-11-RUT:Line:25
10.74619,59.96117,Majorstuen - Lørenskog stasjon,bus,3-11-RUT:Line:25
10.74587,59.96122,Majorstuen - Lørenskog stasjon,bus,3-11-RUT:Line:25
10.74545,59.96127,Majorstuen - Lørenskog stasjon,bus,3-11-RUT:Line:25
10.7451,59.96131,Majorstuen - Lørenskog stasjon,bus,3-11-RUT:Line:25
10.74502,59.96131,Majorstuen - Lørenskog stasjon,bus,3-11-RUT:Line:25
10.74495,59.96132,Majorstuen - Lørenskog stasjon,bus,3-11-RUT:Line:25
10.74485,59.96133,Majorstuen - Lørenskog stasjon,bus,3-11-RUT:Line:25
10.74435,59.96139,Majorstuen - Lørenskog stasjon,bus,3-11-RUT:Line:25
10.74423,59.9614,Majorstuen - Lørenskog stasjon,bus,3-11-RUT:Line:25
10.7437,59.96145,Majorstuen - Lørenskog stasjon,bus,3-11-RUT:Line:25
10.74322,59.96149,Majorstuen - Lørenskog stasjon,bus,3-11-RUT:Line:25
10.74243,59.96156,Majorstuen - Lørenskog stasjon,bus,3-11-RUT:Line:25
10.74198,59.96159,Majorstuen - Lørenskog stasjon,bus,3-11-RUT:Line:25
10.74168,59.96161,Majorstuen - Lørenskog stasjon,bus,3-11-RUT:Line:25
10.74142,59.96162,Majorstuen - Lørenskog stasjon,bus,3-11-RUT:Line:25
10.74106,59.96165,Majorstuen - Lørenskog stasjon,bus,3-11-RUT:Line:25
10.74073,59.96166,Majorstuen - Lørenskog stasjon,bus,3-11-RUT:Line:25
10.74031,59.96168,Majorstuen - Lørenskog stasjon,bus,3-11-RUT:Line:25
10.74003,59.9617,Majorstuen - Lørenskog stasjon,bus,3-11-RUT:Line:25
10.73966,59.96171,Majorstuen - Lørenskog stasjon,bus,3-11-RUT:Line:25
10.73927,59.96172,Majorstuen - Lørenskog stasjon,bus,3-11-RUT:Line:25
10.73882,59.96173,Majorstuen - Lørenskog stasjon,bus,3-11-RUT:Line:25
10.73858,59.96173,Majorstuen - Lørenskog stasjon,bus,3-11-RUT:Line:25
10.73845,59.96173,Majorstuen - Lørenskog stasjon,bus,3-11-RUT:Line:25
10.73828,59.96172,Majorstuen - Lørenskog stasjon,bus,3-11-RUT:Line:25
10.73814,59.96171,Majorstuen - Lørenskog stasjon,bus,3-11-RUT:Line:25
10.73801,59.9617,Majorstuen - Lørenskog stasjon,bus,3-11-RUT:Line:25
10.73777,59.96168,Majorstuen - Lørenskog stasjon,bus,3-11-RUT:Line:25
10.73752,59.96166,Majorstuen - Lørenskog stasjon,bus,3-11-RUT:Line:25
10.73729,59.96162,Majorstuen - Lørenskog stasjon,bus,3-11-RUT:Line:25
10.73711,59.9616,Majorstuen - Lørenskog stasjon,bus,3-11-RUT:Line:25
10.7369,59.96156,Majorstuen - Lørenskog stasjon,bus,3-11-RUT:Line:25
10.73661,59.96149,Majorstuen - Lørenskog stasjon,bus,3-11-RUT:Line:25
10.73641,59.96145,Majorstuen - Lørenskog stasjon,bus,3-11-RUT:Line:25
10.7362,59.96139,Majorstuen - Lørenskog stasjon,bus,3-11-RUT:Line:25
10.73599,59.96133,Majorstuen - Lørenskog stasjon,bus,3-11-RUT:Line:25
10.7357,59.96124,Majorstuen - Lørenskog stasjon,bus,3-11-RUT:Line:25
10.73562,59.96124,Majorstuen - Lørenskog stasjon,bus,3-11-RUT:Line:25
10.73555,59.96124,Majorstuen - Lørenskog stasjon,bus,3-11-RUT:Line:25
10.73551,59.96124,Majorstuen - Lørenskog stasjon,bus,3-11-RUT:Line:25
10.73533,59.96125,Majorstuen - Lørenskog stasjon,bus,3-11-RUT:Line:25
10.73531,59.96126,Majorstuen - Lørenskog stasjon,bus,3-11-RUT:Line:25
10.73527,59.96127,Majorstuen - Lørenskog stasjon,bus,3-11-RUT:Line:25
10.73524,59.96128,Majorstuen - Lørenskog stasjon,bus,3-11-RUT:Line:25
10.73522,59.96128,Majorstuen - Lørenskog stasjon,bus,3-11-RUT:Line:25
10.73517,59.96128,Majorstuen - Lørenskog stasjon,bus,3-11-RUT:Line:25
10.73513,59.96128,Majorstuen - Lørenskog stasjon,bus,3-11-RUT:Line:25
10.73509,59.96126,Majorstuen - Lørenskog stasjon,bus,3-11-RUT:Line:25
10.73507,59.96125,Majorstuen - Lørenskog stasjon,bus,3-11-RUT:Line:25
10.73505,59.96123,Majorstuen - Lørenskog stasjon,bus,3-11-RUT:Line:25
10.73504,59.96121,Majorstuen - Lørenskog stasjon,bus,3-11-RUT:Line:25
10.73505,59.96119,Majorstuen - Lørenskog stasjon,bus,3-11-RUT:Line:25
10.73494,59.96111,Majorstuen - Lørenskog stasjon,bus,3-11-RUT:Line:25
10.73485,59.96106,Majorstuen - Lørenskog stasjon,bus,3-11-RUT:Line:25
10.73477,59.96099,Majorstuen - Lørenskog stasjon,bus,3-11-RUT:Line:25
10.73462,59.96091,Majorstuen - Lørenskog stasjon,bus,3-11-RUT:Line:25
10.73454,59.96087,Majorstuen - Lørenskog stasjon,bus,3-11-RUT:Line:25
10.73448,59.96084,Majorstuen - Lørenskog stasjon,bus,3-11-RUT:Line:25
10.73445,59.96082,Majorstuen - Lørenskog stasjon,bus,3-11-RUT:Line:25
10.73436,59.96076,Majorstuen - Lørenskog stasjon,bus,3-11-RUT:Line:25
10.73427,59.96071,Majorstuen - Lørenskog stasjon,bus,3-11-RUT:Line:25
10.73422,59.96067,Majorstuen - Lørenskog stasjon,bus,3-11-RUT:Line:25
10.73419,59.96064,Majorstuen - Lørenskog stasjon,bus,3-11-RUT:Line:25
10.73409,59.96056,Majorstuen - Lørenskog stasjon,bus,3-11-RUT:Line:25
10.73366,59.96014,Majorstuen - Lørenskog stasjon,bus,3-11-RUT:Line:25
10.73328,59.95978,Majorstuen - Lørenskog stasjon,bus,3-11-RUT:Line:25
10.73319,59.95969,Majorstuen - Lørenskog stasjon,bus,3-11-RUT:Line:25
10.73311,59.9596,Majorstuen - Lørenskog stasjon,bus,3-11-RUT:Line:25
10.73305,59.95953,Majorstuen - Lørenskog stasjon,bus,3-11-RUT:Line:25
10.73299,59.95946,Majorstuen - Lørenskog stasjon,bus,3-11-RUT:Line:25
10.73294,59.95938,Majorstuen - Lørenskog stasjon,bus,3-11-RUT:Line:25
10.73289,59.9593,Majorstuen - Lørenskog stasjon,bus,3-11-RUT:Line:25
10.73285,59.95921,Majorstuen - Lørenskog stasjon,bus,3-11-RUT:Line:25
10.73281,59.95911,Majorstuen - Lørenskog stasjon,bus,3-11-RUT:Line:25
10.73278,59.95902,Majorstuen - Lørenskog stasjon,bus,3-11-RUT:Line:25
10.73276,59.95891,Majorstuen - Lørenskog stasjon,bus,3-11-RUT:Line:25
10.73274,59.9588,Majorstuen - Lørenskog stasjon,bus,3-11-RUT:Line:25
10.73274,59.9587,Majorstuen - Lørenskog stasjon,bus,3-11-RUT:Line:25
10.73275,59.9586,Majorstuen - Lørenskog stasjon,bus,3-11-RUT:Line:25
10.73276,59.95848,Majorstuen - Lørenskog stasjon,bus,3-11-RUT:Line:25
10.73279,59.9583,Majorstuen - Lørenskog stasjon,bus,3-11-RUT:Line:25
10.73281,59.95818,Majorstuen - Lørenskog stasjon,bus,3-11-RUT:Line:25
10.73281,59.95811,Majorstuen - Lørenskog stasjon,bus,3-11-RUT:Line:25
10.73281,59.95806,Majorstuen - Lørenskog stasjon,bus,3-11-RUT:Line:25
10.7328,59.95796,Majorstuen - Lørenskog stasjon,bus,3-11-RUT:Line:25
10.7328,59.9578,Majorstuen - Lørenskog stasjon,bus,3-11-RUT:Line:25
10.7328,59.95779,Majorstuen - Lørenskog stasjon,bus,3-11-RUT:Line:25
10.7328,59.9577,Majorstuen - Lørenskog stasjon,bus,3-11-RUT:Line:25
10.7328,59.95757,Majorstuen - Lørenskog stasjon,bus,3-11-RUT:Line:25
10.7328,59.95745,Majorstuen - Lørenskog stasjon,bus,3-11-RUT:Line:25
10.7328,59.95731,Majorstuen - Lørenskog stasjon,bus,3-11-RUT:Line:25
10.73279,59.95718,Majorstuen - Lørenskog stasjon,bus,3-11-RUT:Line:25
10.73277,59.95704,Majorstuen - Lørenskog stasjon,bus,3-11-RUT:Line:25
10.73274,59.9569,Majorstuen - Lørenskog stasjon,bus,3-11-RUT:Line:25
10.73271,59.95678,Majorstuen - Lørenskog stasjon,bus,3-11-RUT:Line:25
10.73268,59.95669,Majorstuen - Lørenskog stasjon,bus,3-11-RUT:Line:25
10.73265,59.95658,Majorstuen - Lørenskog stasjon,bus,3-11-RUT:Line:25
10.73258,59.95642,Majorstuen - Lørenskog stasjon,bus,3-11-RUT:Line:25
10.73252,59.9563,Majorstuen - Lørenskog stasjon,bus,3-11-RUT:Line:25
10.73244,59.95617,Majorstuen - Lørenskog stasjon,bus,3-11-RUT:Line:25
10.73235,59.95606,Majorstuen - Lørenskog stasjon,bus,3-11-RUT:Line:25
10.73226,59.95596,Majorstuen - Lørenskog stasjon,bus,3-11-RUT:Line:25
10.73218,59.95587,Majorstuen - Lørenskog stasjon,bus,3-11-RUT:Line:25
10.73205,59.95576,Majorstuen - Lørenskog stasjon,bus,3-11-RUT:Line:25
10.73193,59.95566,Majorstuen - Lørenskog stasjon,bus,3-11-RUT:Line:25
10.7318,59.95557,Majorstuen - Lørenskog stasjon,bus,3-11-RUT:Line:25
10.73167,59.95548,Majorstuen - Lørenskog stasjon,bus,3-11-RUT:Line:25
10.73156,59.95542,Majorstuen - Lørenskog stasjon,bus,3-11-RUT:Line:25
10.73138,59.95531,Majorstuen - Lørenskog stasjon,bus,3-11-RUT:Line:25
10.73123,59.95523,Majorstuen - Lørenskog stasjon,bus,3-11-RUT:Line:25
10.73107,59.95514,Majorstuen - Lørenskog stasjon,bus,3-11-RUT:Line:25
10.7309,59.95505,Majorstuen - Lørenskog stasjon,bus,3-11-RUT:Line:25
10.73063,59.95491,Majorstuen - Lørenskog stasjon,bus,3-11-RUT:Line:25
10.73041,59.95481,Majorstuen - Lørenskog stasjon,bus,3-11-RUT:Line:25
10.72879,59.95405,Majorstuen - Lørenskog stasjon,bus,3-11-RUT:Line:25
10.72848,59.9539,Majorstuen - Lørenskog stasjon,bus,3-11-RUT:Line:25
10.72821,59.95379,Majorstuen - Lørenskog stasjon,bus,3-11-RUT:Line:25
10.72809,59.95372,Majorstuen - Lørenskog stasjon,bus,3-11-RUT:Line:25
10.72807,59.95372,Majorstuen - Lørenskog stasjon,bus,3-11-RUT:Line:25
10.72798,59.95367,Majorstuen - Lørenskog stasjon,bus,3-11-RUT:Line:25
10.72796,59.95366,Majorstuen - Lørenskog stasjon,bus,3-11-RUT:Line:25
10.72786,59.9536,Majorstuen - Lørenskog stasjon,bus,3-11-RUT:Line:25
10.72775,59.95353,Majorstuen - Lørenskog stasjon,bus,3-11-RUT:Line:25
10.72764,59.95345,Majorstuen - Lørenskog stasjon,bus,3-11-RUT:Line:25
10.72754,59.95337,Majorstuen - Lørenskog stasjon,bus,3-11-RUT:Line:25
10.72744,59.95326,Majorstuen - Lørenskog stasjon,bus,3-11-RUT:Line:25
10.72737,59.95316,Majorstuen - Lørenskog stasjon,bus,3-11-RUT:Line:25
10.7273,59.95305,Majorstuen - Lørenskog stasjon,bus,3-11-RUT:Line:25
10.72726,59.95298,Majorstuen - Lørenskog stasjon,bus,3-11-RUT:Line:25
10.72723,59.95287,Majorstuen - Lørenskog stasjon,bus,3-11-RUT:Line:25
10.72721,59.95276,Majorstuen - Lørenskog stasjon,bus,3-11-RUT:Line:25
10.72721,59.95266,Majorstuen - Lørenskog stasjon,bus,3-11-RUT:Line:25
10.72722,59.95257,Majorstuen - Lørenskog stasjon,bus,3-11-RUT:Line:25
10.72723,59.9525,Majorstuen - Lørenskog stasjon,bus,3-11-RUT:Line:25
10.72726,59.95242,Majorstuen - Lørenskog stasjon,bus,3-11-RUT:Line:25
10.72729,59.95234,Majorstuen - Lørenskog stasjon,bus,3-11-RUT:Line:25
10.72734,59.95226,Majorstuen - Lørenskog stasjon,bus,3-11-RUT:Line:25
10.72738,59.95218,Majorstuen - Lørenskog stasjon,bus,3-11-RUT:Line:25
10.72743,59.95211,Majorstuen - Lørenskog stasjon,bus,3-11-RUT:Line:25
10.72746,59.95205,Majorstuen - Lørenskog stasjon,bus,3-11-RUT:Line:25
10.72749,59.95199,Majorstuen - Lørenskog stasjon,bus,3-11-RUT:Line:25
10.7275,59.95192,Majorstuen - Lørenskog stasjon,bus,3-11-RUT:Line:25
10.72749,59.95186,Majorstuen - Lørenskog stasjon,bus,3-11-RUT:Line:25
10.72748,59.95181,Majorstuen - Lørenskog stasjon,bus,3-11-RUT:Line:25
10.72745,59.95176,Majorstuen - Lørenskog stasjon,bus,3-11-RUT:Line:25
10.72742,59.9517,Majorstuen - Lørenskog stasjon,bus,3-11-RUT:Line:25
10.72739,59.95166,Majorstuen - Lørenskog stasjon,bus,3-11-RUT:Line:25
10.72735,59.95162,Majorstuen - Lørenskog stasjon,bus,3-11-RUT:Line:25
10.72761,59.95157,Majorstuen - Lørenskog stasjon,bus,3-11-RUT:Line:25
10.72773,59.95155,Majorstuen - Lørenskog stasjon,bus,3-11-RUT:Line:25
10.72794,59.95153,Majorstuen - Lørenskog stasjon,bus,3-11-RUT:Line:25
10.72813,59.95148,Majorstuen - Lørenskog stasjon,bus,3-11-RUT:Line:25
10.72825,59.95143,Majorstuen - Lørenskog stasjon,bus,3-11-RUT:Line:25
10.72837,59.95139,Majorstuen - Lørenskog stasjon,bus,3-11-RUT:Line:25
10.72845,59.95135,Majorstuen - Lørenskog stasjon,bus,3-11-RUT:Line:25
10.72854,59.9513,Majorstuen - Lørenskog stasjon,bus,3-11-RUT:Line:25
10.72866,59.95122,Majorstuen - Lørenskog stasjon,bus,3-11-RUT:Line:25
10.72881,59.95112,Majorstuen - Lørenskog stasjon,bus,3-11-RUT:Line:25
10.72883,59.95111,Majorstuen - Lørenskog stasjon,bus,3-11-RUT:Line:25
